{"sections":{"banner":{"type":"main-collection-banner","disabled":true,"settings":{"show_collection_description":true,"show_collection_image":false,"color_scheme":"scheme-1"}},"product-grid":{"type":"main-collection-product-grid","custom_css":["span.price-item.price-item--sale.price-item--last {color: red; font-size: 10px; margin-right: 10px; margin-bottom: 2px;}",".price__sale {display: flex !important; align-items: flex-end; flex-direction: row; flex-wrap: wrap;}",".badge.badge--bottom-left.color-scheme-4 {border-radius: 0 !important; display: none!important;}",".card__heading.h5 {font-size: 0.7em;}","s.price-item.price-item--regular {font-size: 10px;}",".wishlist_button {margin-left: 0rem;}"],"settings":{"products_per_page":52,"columns_desktop":4,"color_scheme":"scheme-1","image_ratio":"portrait","image_shape":"default","show_secondary_image":true,"show_vendor":false,"show_rating":false,"quick_add":"none","enable_filtering":true,"filter_type":"horizontal","enable_sorting":true,"columns_mobile":"2","padding_top":0,"padding_bottom":0}}},"order":["banner","product-grid"]}