{"name":"t:sections.footer.name","type":"footer","sections":{"collapsible_content_HbPbgh":{"type":"collapsible-content","blocks":{"collapsible_row_tx4WNK":{"type":"collapsible_row","settings":{"heading":"Menü","icon":"none","row_content":"<p><a href=\"\/\" title=\"\/\"><strong>ANA SAYFA<\/strong><\/a><\/p><p><a href=\"\/collections\/all\" title=\"All products\"><strong>Mağaza Adı™ Koleksiyonu<\/strong><\/a><\/p><p><a href=\"\/pages\/kargom-nerede\" title=\"Kargom Nerede?\"><strong>KARGOM NEREDE? <\/strong><\/a><a href=\"\/pages\/hakkimizda\" title=\"Hakkımızda\"><strong>(Bu sayfanın Sayfalar kısmından oluşturulması gerek.)<\/strong><\/a><\/p><p><a href=\"\/pages\/hakkimizda\" title=\"Hakkımızda\"><strong>HAKKIMIZDA (Bu sayfanın Sayfalar kısmından oluşturulması gerek.)<\/strong><\/a><\/p><p><a href=\"\/pages\/contact\" title=\"İletişim\"><strong>İLETİŞİM<\/strong><\/a><\/p>","page":""}},"collapsible_row_j7Rk9H":{"type":"collapsible_row","settings":{"heading":"İletişim Bilgileri","icon":"none","row_content":"<p><strong>Telefon:<\/strong> +90 537 123 4567        <\/p><p><strong>E-posta:<\/strong> <a>info@ornekfirma.com <\/a><\/p><p><strong>Adres:<\/strong> Yeni Mahalle, Özgür Sokak No: 23, 3. Kat, 34000 İstanbul\/Türkiye<\/p><p><strong>Vergi Numarası:<\/strong> 9876543210<\/p>","page":""}}},"block_order":["collapsible_row_tx4WNK","collapsible_row_j7Rk9H"],"settings":{"caption":"","heading":"","heading_size":"h1","heading_alignment":"center","layout":"none","color_scheme":"","container_color_scheme":"","open_first_collapsible_row":false,"image_ratio":"adapt","desktop_layout":"image_second","padding_top":0,"padding_bottom":0}},"footer":{"type":"footer","blocks":{"text_XLmq4a":{"type":"text","disabled":true,"settings":{"heading":"","subtext":"<p><strong>İletişim Bilgileri<\/strong><\/p><p><strong>Telefon:<\/strong> +90 537 123 4567<\/p><p><strong>E-posta:<\/strong> <a>info@ornekfirma.com<\/a><\/p><p><strong>Adres:<\/strong> Yeni Mahalle, Özgür Sokak No: 23, 3. Kat, 34000 İstanbul\/Türkiye<\/p><p><strong>Vergi Numarası:<\/strong> 9876543210<\/p>"}},"image_bN7UnU":{"type":"image","settings":{"image":"shopify:\/\/shop_images\/previewbannerbreven-ezgif.com-video-to-gif-converter.gif","image_width":355,"alignment":"center"}}},"block_order":["text_XLmq4a","image_bN7UnU"],"custom_css":[],"settings":{"color_scheme":"scheme-1","newsletter_enable":false,"newsletter_heading":"Subscribe to our emails","enable_follow_on_shop":true,"show_social":true,"enable_country_selector":true,"enable_language_selector":true,"payment_enable":true,"show_policy":true,"margin_top":0,"padding_top":12,"padding_bottom":12}}},"order":["collapsible_content_HbPbgh","footer"]}