{"name":"t:sections.header.name","type":"header","sections":{"header":{"type":"header","settings":{"logo_position":"middle-left","menu":"main-menu","menu_type_desktop":"dropdown","sticky_header_type":"on-scroll-up","show_line_separator":true,"color_scheme":"scheme-4","menu_color_scheme":"scheme-1","enable_country_selector":true,"enable_language_selector":true,"enable_customer_avatar":true,"mobile_logo_position":"center","margin_bottom":0,"padding_top":20,"padding_bottom":20}},"announcement-bar":{"type":"announcement-bar","blocks":{"announcement_FpggTV":{"type":"announcement","settings":{"text":"Umutify Alternatif 3","link":""}},"announcement-bar-0":{"type":"announcement","settings":{"text":"MEGA EKİM İNDİRİMLERİ","link":""}},"announcement_V3ipgX":{"type":"announcement","settings":{"text":"SONBAHARA ÖZEL 50%'YE VARAN İNDİRİMLER","link":""}}},"block_order":["announcement_FpggTV","announcement-bar-0","announcement_V3ipgX"],"custom_css":[".utility-bar {height: auto;}",".badge.badge--bottom-left.color-scheme-4 {border-radius: 0;}","button.slider-button.slider-button--prev {display: none !important;}","button.slider-button.slider-button--next {display: none !important;}",".announcement-bar__message {text-align: center; margin: 0; letter-spacing: 0.1rem; min-height: 0; padding: 0.6em; text-transform: uppercase; font-size: 11.1px; font-weight: bold;}"],"settings":{"color_scheme":"scheme-1","show_line_separator":true,"show_social":false,"auto_rotate":false,"change_slides_speed":5,"enable_country_selector":false,"enable_language_selector":false}}},"order":["header","announcement-bar"]}