{"sections":{"image_banner":{"type":"image-banner","blocks":{"heading":{"type":"heading","settings":{"heading":"[Mağaza Adı]'na Hoş Geldiniz","heading_size":"h0"}},"button":{"type":"buttons","settings":{"button_label_1":"Keşife Başla","button_link_1":"shopify:\/\/collections\/kis-esintisi-2024","button_style_secondary_1":true,"button_label_2":"","button_link_2":"","button_style_secondary_2":false}}},"block_order":["heading","button"],"custom_css":[".banner--content-align-mobile-left .banner__box {text-align: center; margin-top: 15em;}"],"settings":{"image_overlay_opacity":40,"image_height":"adapt","desktop_content_position":"bottom-center","show_text_box":false,"desktop_content_alignment":"center","color_scheme":"scheme-3","image_behavior":"none","mobile_content_alignment":"left","stack_images_on_mobile":false,"show_text_below":false}},"collection_list_fgjEbV":{"type":"collection-list","blocks":{"featured_collection_a4qp6g":{"type":"featured_collection","settings":{"collection":""}},"featured_collection_NQVrwx":{"type":"featured_collection","settings":{"collection":""}},"featured_collection_a9yLwa":{"type":"featured_collection","settings":{"collection":""}},"featured_collection_YqM6ab":{"type":"featured_collection","settings":{"collection":""}},"featured_collection_PHQ4Ye":{"type":"featured_collection","settings":{"collection":""}},"featured_collection_P3nyxd":{"type":"featured_collection","settings":{"collection":""}},"featured_collection_hMzEt9":{"type":"featured_collection","settings":{"collection":""}},"featured_collection_f3Jmeb":{"type":"featured_collection","settings":{"collection":""}},"featured_collection_teB7dr":{"type":"featured_collection","settings":{"collection":""}},"featured_collection_BD6kbH":{"type":"featured_collection","settings":{"collection":""}},"featured_collection_tKy7Tm":{"type":"featured_collection","settings":{"collection":""}},"featured_collection_VgNW4A":{"type":"featured_collection","settings":{"collection":""}},"featured_collection_icQVnc":{"type":"featured_collection","settings":{"collection":""}},"featured_collection_kmUaWD":{"type":"featured_collection","settings":{"collection":""}},"featured_collection_gWJYhn":{"type":"featured_collection","settings":{"collection":""}}},"block_order":["featured_collection_a4qp6g","featured_collection_NQVrwx","featured_collection_a9yLwa","featured_collection_YqM6ab","featured_collection_PHQ4Ye","featured_collection_P3nyxd","featured_collection_hMzEt9","featured_collection_f3Jmeb","featured_collection_teB7dr","featured_collection_BD6kbH","featured_collection_tKy7Tm","featured_collection_VgNW4A","featured_collection_icQVnc","featured_collection_kmUaWD","featured_collection_gWJYhn"],"custom_css":["h2 {text-align: center !important;}","h2 {font-size: 1.1em; text-align: center; font-weight: 1000;}",".title-wrapper-with-link {display: flex; justify-content: center; gap: 1rem; margin-bottom: 3rem; flex-wrap: wrap;}",".card__inner.color-scheme-2.gradient.ratio {--ratio-percent: 150% !important;}"],"settings":{"title":"Koleksiyonlar","heading_size":"hxxl","image_ratio":"square","columns_desktop":3,"color_scheme":"","show_view_all":false,"columns_mobile":"2","swipe_on_mobile":false,"padding_top":28,"padding_bottom":16}},"featured_collection":{"type":"featured-collection","custom_css":["h2 {font-size: 1.1em; text-align: center; font-weight: 1000;}",".card__heading {text-transform: capitalize; text-align: center;}","span.price-item.price-item--sale.price-item--last {color: red; font-weight: bold; font-size: 10px; margin-right: 10px;}","s.price-item.price-item--regular {font-size: 10px;}",".badge.badge--bottom-left.color-scheme-4 {display: none !important;}",".card__inner.color-scheme-2.gradient.ratio {--ratio-percent: 150% !important;}","img.motion-reduce {object-fit: cover !important; object-position: top !important;}"],"settings":{"title":"EN ÇOK SATILANLARA GÖZ ATIN","heading_size":"h2","description":"","show_description":false,"description_style":"body","collection":"","products_to_show":8,"columns_desktop":4,"full_width":false,"show_view_all":true,"view_all_style":"solid","enable_desktop_slider":false,"color_scheme":"scheme-1","image_ratio":"square","image_shape":"default","show_secondary_image":true,"show_vendor":false,"show_rating":false,"quick_add":"none","columns_mobile":"2","swipe_on_mobile":false,"padding_top":0,"padding_bottom":12}},"featured_collection_WCYVwc":{"type":"featured-collection","disabled":true,"custom_css":["h2 {text-align: center;}","h2 {font-size: 1.1em; text-align: center; font-weight: 1000;}","span.price-item.price-item--sale.price-item--last {color: red; font-weight: bold; font-size: 14px; margin-right: 10px;}",".price__sale {display: flex !important; flex-direction: row-reverse !important; align-items: center;}",".badge.badge--bottom-left.color-scheme-4 {border-radius: 0 !important;}"],"settings":{"title":"KATEGORİLERİMİZ","heading_size":"h2","description":"","show_description":false,"description_style":"body","collection":"yeni-gelenler","products_to_show":4,"columns_desktop":4,"full_width":false,"show_view_all":true,"view_all_style":"solid","enable_desktop_slider":false,"color_scheme":"","image_ratio":"adapt","image_shape":"default","show_secondary_image":false,"show_vendor":false,"show_rating":false,"quick_add":"none","columns_mobile":"2","swipe_on_mobile":false,"padding_top":12,"padding_bottom":12}}},"order":["image_banner","collection_list_fgjEbV","featured_collection","featured_collection_WCYVwc"]}