{"sections":{"main":{"type":"main-product","blocks":{"title":{"type":"title","settings":{}},"price":{"type":"price","settings":{}},"custom_liquid_wKd3ch":{"type":"custom_liquid","settings":{"custom_liquid":"<div class=\"low-stock-notice\">\n    <span class=\"indicator\"><\/span> Stoklar azaldı - az sayıda ürün kaldı!\n  <\/div>\n\n<style>\n  .low-stock-notice {\n    display: flex;\n    align-items: center;\n    font-size: 16px;\n    color: #333;\npadding: 0 !important;\nmargin: 0 !important;\n  }\n  \n  .indicator {\n    width: 10px;\n    height: 10px;\n    background-color: orange;\n    border-radius: 50%;\n    margin-right: 5px;\n    animation: blink 1s infinite;\n  }\n\n  @keyframes blink {\n    0%, 100% {\n      opacity: 1;\n    }\n    50% {\n      opacity: 0;\n    }\n  }\n<\/style>"}},"variant_picker":{"type":"variant_picker","settings":{"picker_type":"button","swatch_shape":"none"}},"buy_buttons":{"type":"buy_buttons","settings":{"show_dynamic_checkout":false,"show_gift_card_recipient":false}},"custom_liquid_73P8bR":{"type":"custom_liquid","settings":{"custom_liquid":"<div id=\"vitals-size_chart\">\n  <div class=\"Vtl-SizeChartButtonWrapper\" data-track-mid=\"58\" data-track-eid=\"1\">\n    <div class=\"Vtl-SizeChartButton\" data-track-mid=\"58\" data-track-eid=\"1\" onclick=\"toggleSizeChart()\">\n      <div class=\"Vtl-SizeChartButton__Icon\" style=\"\n    display: flex;\n    align-items: center;\n\">\n        <svg xmlns=\"http:\/\/www.w3.org\/2000\/svg\" fill=\"none\" viewBox=\"0 0 60 60\" width=\"20\" height=\"20\">\n          <g fill=\"currentColor\" clip-path=\"url(#ruler__a)\">\n            <path d=\"M24.832 29.334c3.903 0 7.074-2.447 7.074-5.46s-3.171-5.46-7.074-5.46c-3.904 0-7.075 2.447-7.075 5.46s3.171 5.46 7.075 5.46Zm-4.678-5.46c0-1.631 2.18-3.063 4.678-3.063 2.496 0 4.677 1.432 4.677 3.063 0 1.632-2.18 3.063-4.677 3.063-2.497 0-4.678-1.431-4.678-3.063Z\"><\/path>\n            <path d=\"M39.63 32.855v-8.298c.016-.225.025-.458.025-.691 0-6.25-6.65-11.336-14.824-11.336-8.173 0-14.648 4.944-14.831 11.078v9.704c0 7.807 6.35 14.158 14.157 14.158h25.835V32.855h-10.37.008Zm4.211 6.891v5.327h-.924v-5.327H40.52v5.327h-.924v-7.524H37.2v7.524h-.923v-5.327h-2.398v5.327h-.923v-5.327h-2.397v5.327h-.924v-7.524h-2.397v7.524h-3.071c-6.484 0-11.76-5.277-11.76-11.76v-3.255c.257.308.549.608.848.9a13.95 13.95 0 0 0 2.073 1.622c1.548.982 3.304 1.706 5.226 2.156a18.78 18.78 0 0 0 2.206.366c1.581.166 3.188.166 4.736.158h20.108v9.821h-1.365v-5.327h-2.397v-.008ZM15.834 17.724c2.38-1.806 5.577-2.797 8.997-2.797 3.421 0 6.617.99 8.997 2.797 2.081 1.581 3.288 3.595 3.421 5.726h-.016v.949c-.175 2.08-1.382 4.078-3.413 5.61-2.38 1.805-5.576 2.796-8.997 2.796-3.42 0-6.617-.99-8.997-2.797-2.214-1.68-3.437-3.861-3.437-6.142 0-2.28 1.223-4.461 3.437-6.142h.008Zm21.399 12.368v2.763h-3.346c1.306-.774 2.438-1.706 3.346-2.763Z\"><\/path>\n          <\/g>\n          <defs>\n            <clipPath id=\"ruler__a\">\n              <path fill=\"#fff\" d=\"M10 12.53h40v34.94H10z\"><\/path>\n            <\/clipPath>\n          <\/defs>\n        <\/svg>\n      <\/div>\n      <span class=\"Vtl-SizeChartButton__Text\">Beden tablosu<\/span>\n    <\/div>\n  <\/div>\n<\/div>\n\n<!-- Modal Popup -->\n<div id=\"sizeChartModal\" class=\"modal\">\n  <div class=\"modal-content\">\n    <span class=\"close\" onclick=\"toggleSizeChart()\">&times;<\/span>\n    <h2>Beden Tablosu<\/h2>\n    <table>\n      <thead>\n        <tr>\n          <th>Beden<\/th>\n          <th>Göğüs<\/th>\n          <th>Bel<\/th>\n          <th>Kalça<\/th>\n        <\/tr>\n      <\/thead>\n      <tbody>\n        <tr><td>XS<\/td><td>81-84<\/td><td>61-64<\/td><td>86-91<\/td><\/tr>\n        <tr><td>S<\/td><td>84-89<\/td><td>64-69<\/td><td>91-96<\/td><\/tr>\n        <tr><td>M<\/td><td>89-94<\/td><td>69-74<\/td><td>96-101<\/td><\/tr>\n        <tr><td>L<\/td><td>94-101<\/td><td>74-81<\/td><td>101-109<\/td><\/tr>\n        <tr><td>XL<\/td><td>101-106<\/td><td>81-89<\/td><td>109-117<\/td><\/tr>\n      <\/tbody>\n    <\/table>\n  <\/div>\n<\/div>\n\n<style>\n  .Vtl-SizeChartButton {\n    cursor: pointer;\n    display: flex;\n    align-items: center;\n  }\n\n  .Vtl-SizeChartButton__Icon svg {\n    width: 20px;\n    height: 20px;\n  }\n\n  .Vtl-SizeChartButton__Text {\n    margin-left: 5px;\n    text-decoration: underline;\n  }\n\n  .modal {\n    display: none;\n    position: fixed;\n    z-index: 1000;\n    left: 0;\n    top: 0;\n    width: 100%;\n    height: 100%;\n    background-color: rgba(0, 0, 0, 0.5);\n    justify-content: center;\n    align-items: center;\nmargin: 0 !important;\n  }\n\n  .modal-content {\n    background-color: #fefefe;\n    padding: 20px;\n    border: 1px solid #888;\n    width: 80%;\n    max-width: 500px;\n    border-radius: 8px;\n    text-align: center;\n  }\n\n  .close {\n    color: #aaa;\n    float: right;\n    font-size: 28px;\n    font-weight: bold;\n    cursor: pointer;\n  }\n\n  .close:hover,\n  .close:focus {\n    color: black;\n    text-decoration: none;\n  }\n\n  table {\n    width: 100%;\n    border-collapse: collapse;\n  }\n\n  th, td {\n    padding: 8px;\n    text-align: center;\n    border: 1px solid #ddd;\n  }\n\n  th {\n    background-color: #f2f2f2;\n  }\n<\/style>\n\n<script>\n  function toggleSizeChart() {\n    const modal = document.getElementById(\"sizeChartModal\");\n    modal.style.display = modal.style.display === \"flex\" ? \"none\" : \"flex\";\n  }\n\n  \/\/ Close modal when clicking outside of it\n  window.onclick = function(event) {\n    const modal = document.getElementById(\"sizeChartModal\");\n    if (event.target == modal) {\n      modal.style.display = \"none\";\n    }\n  }\n<\/script>"}},"custom_liquid_84784m":{"type":"custom_liquid","settings":{"custom_liquid":"<div class=\"product-block\">\n  <div id=\"availability-update\" style=\"background-color: #FBF2E6; border-radius: 10px; padding: 15px; text-align: left; margin: 20px 0;\">\n    <span style=\"font-size: 16px; color: black;\">\n        <strong>GÜNCELLEME:<\/strong> Flaş satış sırasında yüksek talep nedeniyle, mevcut fiyattan sadece <span id=\"available-units\">8<\/span> adet kaldı!\n    <\/span>\n  <\/div>\n\n  <script>\n    \/\/ 3 ile 9 arasında rastgele bir sayı üretme fonksiyonu\n    function randomAvailableUnits() {\n        return Math.floor(Math.random() * (9 - 3 + 1)) + 3;\n    }\n\n    \/\/ Mevcut birim sayısını güncelleme fonksiyonu\n    function updateAvailableUnits() {\n        const availableUnits = document.getElementById('available-units');\n        availableUnits.textContent = randomAvailableUnits();\n    }\n\n    \/\/ İlk yükleme\n    updateAvailableUnits();\n  <\/script>\n<\/div>"}},"collapsible_tab_pEkyt8":{"type":"collapsible_tab","disabled":true,"settings":{"heading":"Teslimat","icon":"none","content":"<p>Tüm siparişlerinizi hızlı ve güvenilir bir şekilde adresinize ulaştırıyoruz! Türkiye içinde siparişlerinizi ortalama 6 iş günü içinde teslim alabilirsiniz.<\/p><p>Eğer gönderinizle ilgili herhangi bir sorunuz ya da özel bir isteğiniz varsa, müşteri hizmetleri ekibimizle dilediğiniz zaman iletişime geçebilirsiniz. Sizin memnuniyetiniz bizim önceliğimiz!<\/p>","page":""}},"custom_liquid_Ekk4WK":{"type":"custom_liquid","settings":{"custom_liquid":"<div class=\"custom-image\">\n  <img src=\"https:\/\/cdn.shopify.com\/s\/files\/1\/0662\/3264\/7856\/files\/mutlurosaliamusteri.jpg?v=1729977830\" alt=\"Zenovia Custom Image\" style=\"max-width: 100%; height: auto;\">\n<\/div>"}},"collapsible_tab_6ecaFt":{"type":"collapsible_tab","disabled":true,"settings":{"heading":"30 Gün Para İade Garantisi","icon":"none","content":"<p>Müşteri memnuniyeti bizim için her şeyden önemlidir. 30 gün para iade garantimiz sayesinde, alışverişinizi güvenle yapabilirsiniz. Siz değerli müşterilerimizin memnuniyeti her zaman önceliğimizdir.<\/p>","page":""}},"custom_liquid_iVyywT":{"type":"custom_liquid","settings":{"custom_liquid":"<div class=\"collapsible-wrapper\">\n    <!-- Teslimat (Shipping) Bölümü -->\n    <div class=\"collapsible\">\n        <div class=\"collapsible-header\" onclick=\"toggleDropdown(this)\">\n            <span class=\"title\" style=\"margin: 0 !important;\">Teslimat<\/span>\n            <span class=\"icon\">\n                <svg aria-hidden=\"true\" focusable=\"false\" role=\"presentation\" class=\"icon icon--wide icon-chevron-down\" viewBox=\"0 0 28 16\" width=\"10\" height=\"10\">\n                    <path d=\"m1.57 1.59 12.76 12.77L27.1 1.59\" stroke-width=\"2\" stroke=\"#000\" fill=\"none\"><\/path>\n                <\/svg>\n            <\/span>\n        <\/div>\n        <div class=\"collapsible-content\">\n            <p>Tüm siparişlerinizi hızlı ve güvenilir bir şekilde adresinize ulaştırıyoruz! Türkiye içinde siparişlerinizi ortalama 6 iş günü içinde teslim alabilirsiniz.<\/p>\n            <p>Eğer gönderinizle ilgili herhangi bir sorunuz ya da özel bir isteğiniz varsa, müşteri hizmetleri ekibimizle dilediğiniz zaman iletişime geçebilirsiniz. Sizin memnuniyetiniz bizim önceliğimiz!<\/p>\n        <\/div>\n    <\/div>\n    \n    <!-- 30 Gün Para İade Garantisi Bölümü -->\n    <div class=\"collapsible\">\n        <div class=\"collapsible-header\" onclick=\"toggleDropdown(this)\">\n            <span class=\"title\" style=\"margin: 0 !important;\">30 Gün Para İade Garantisi<\/span>\n            <span class=\"icon\">\n                <svg aria-hidden=\"true\" focusable=\"false\" role=\"presentation\" class=\"icon icon--wide icon-chevron-down\" viewBox=\"0 0 28 16\" width=\"10\" height=\"10\">\n                    <path d=\"m1.57 1.59 12.76 12.77L27.1 1.59\" stroke-width=\"2\" stroke=\"#000\" fill=\"none\"><\/path>\n                <\/svg>\n            <\/span>\n        <\/div>\n        <div class=\"collapsible-content\">\n            <p>Müşteri memnuniyeti bizim için her şeyden önemlidir. 30 gün para iade garantimiz sayesinde, alışverişinizi güvenle yapabilirsiniz. Siz değerli müşterilerimizin memnuniyeti her zaman önceliğimizdir.<\/p>\n        <\/div>\n    <\/div>\n<\/div>\n\n<!-- CSS -->\n<style>\n.collapsible-wrapper {\n    width: 100%;\n    max-width: 600px;\n    border: 1px solid #ddd;\n    font-family: Arial, sans-serif;\n}\n\n.collapsible {\n    border-bottom: 1px solid #ddd;\n}\n\n.collapsible-header {\n    display: flex;\n    justify-content: center;\n    align-items: center;\n    padding: 8px;\n    font-size: 0.8em;\n    font-weight: bold;\n    cursor: pointer;\n    text-transform: uppercase;\n    letter-spacing: 0.3em;\n    position: relative;\n}\n\n.title {\n    flex: 1;\n    text-align: center;\n}\n\n.icon {\n\n    transition: transform 0.5s;\n    font-size: 10px;\n}\n\n.icon svg {\n    width: 10px;\n    height: 10px;\n}\n\n.collapsible-content {\n    max-height: 0;\n    overflow: hidden;\n    transition: max-height 0.5s cubic-bezier(.25,.46,.45,.94);\n    padding: 0 15px;\n}\n\n.collapsible-content p {\n    margin: 15px 0;\n    font-size: 14px;\n    line-height: 1.6;\n}\n\n.is-open .collapsible-content {\n    max-height: 500px; \/* İçeriğin tamamını gösterecek yeterli yükseklik *\/\n}\n\n.is-open .icon svg {\n    transform: rotate(180deg);\n}\n<\/style>\n\n<!-- JavaScript -->\n<script>\nfunction toggleDropdown(header) {\n    const collapsible = header.parentElement;\n    const content = collapsible.querySelector('.collapsible-content');\n    \n    collapsible.classList.toggle('is-open');\n    \n    if (collapsible.classList.contains('is-open')) {\n        content.style.maxHeight = content.scrollHeight + 'px';\n    } else {\n        content.style.maxHeight = null;\n    }\n}\n<\/script>"}}},"block_order":["title","price","custom_liquid_wKd3ch","variant_picker","buy_buttons","custom_liquid_73P8bR","custom_liquid_84784m","collapsible_tab_pEkyt8","custom_liquid_Ekk4WK","collapsible_tab_6ecaFt","custom_liquid_iVyywT"],"custom_css":[".slider-button {background: none !important;}","span.price-item.price-item--sale.price-item--last {color: red; font-weight: bold; font-size: 14px;}",".price__sale {display: flex !important; flex-direction: row-reverse !important; align-items: center;}",".slider-buttons {margin-top: -20px; display: flex; align-items: center; justify-content: center !important;}","h1 {font-size: 16px;}","span.badge {background-color: red;}",".product__description.rte.quick-add-hidden {margin-top: 0 !important;}",".kapida-odeme-text {display: none !important;}"],"settings":{"enable_sticky_info":true,"color_scheme":"scheme-d29c7b63-bb9c-4ef2-bf17-414fd7519301","enable_timeline_kargo":false,"timeline_kargo_day":1,"media_size":"small","constrain_to_viewport":true,"media_fit":"contain","gallery_layout":"thumbnail_slider","media_position":"left","image_zoom":"none","mobile_thumbnails":"hide","hide_variants":true,"enable_video_looping":false,"padding_top":12,"padding_bottom":0}},"custom_liquid_4MVtqN":{"type":"custom-liquid","custom_css":["h2 {font-family: \"Montserrat\", \"Lato\"; font-size: 21px; font-weight: 800; margin-top: 0em;}"],"settings":{"custom_liquid":"<div class=\"scrolling-logo-cloud\" id=\"ss-scrolling-logo-cloud\" style=\"background: #fafafa; padding: 20px 0;\">\n  <div class=\"marquee\">\n    <div class=\"track\">\n      <a class=\"slide\" href=\"\"><img src=\"https:\/\/cdn.shopify.com\/s\/files\/1\/0889\/2124\/3964\/files\/Maxim_Magazine_Logo_svg_300x300_be3d1960-4be8-4d49-9338-ce25f9cb1c64.png?v=1728844138\" alt=\"Maxim Magazine\"><\/a>\n      <a class=\"slide\" href=\"\"><img src=\"https:\/\/cdn.shopify.com\/s\/files\/1\/0889\/2124\/3964\/files\/GQ-Logo_2_1_300x300_96b4410c-d6da-4c01-8cce-91b24952f53e.png?v=1728844138\" alt=\"GQ\"><\/a>\n      <a class=\"slide\" href=\"\"><img src=\"https:\/\/cdn.shopify.com\/s\/files\/1\/0889\/2124\/3964\/files\/VOGUE_LOGO_svg_300x300_8a6fb0b7-4d63-44be-b196-fe77cc9270a0.png?v=1728844137\" alt=\"Vogue\"><\/a>\n      <a class=\"slide\" href=\"\"><img src=\"https:\/\/cdn.shopify.com\/s\/files\/1\/0889\/2124\/3964\/files\/in-style-logo_300x300_e43d2069-53a8-471a-b74c-1c8fa4eb58ac.png?v=1728844137\" alt=\"InStyle\"><\/a>\n      <a class=\"slide\" href=\"\"><img src=\"https:\/\/cdn.shopify.com\/s\/files\/1\/0889\/2124\/3964\/files\/ELLE_Magazine_Logo.svg_1_300x300_27df2960-2821-476b-a5c0-437b9b42b3b5.png?v=1728844137\" alt=\"Elle\"><\/a>\n      <!-- Tekrar eden logo seti -->\n      <a class=\"slide\" href=\"\"><img src=\"https:\/\/cdn.shopify.com\/s\/files\/1\/0889\/2124\/3964\/files\/Maxim_Magazine_Logo_svg_300x300_be3d1960-4be8-4d49-9338-ce25f9cb1c64.png?v=1728844138\" alt=\"Maxim Magazine\"><\/a>\n      <a class=\"slide\" href=\"\"><img src=\"https:\/\/cdn.shopify.com\/s\/files\/1\/0889\/2124\/3964\/files\/GQ-Logo_2_1_300x300_96b4410c-d6da-4c01-8cce-91b24952f53e.png?v=1728844138\" alt=\"GQ\"><\/a>\n      <a class=\"slide\" href=\"\"><img src=\"https:\/\/cdn.shopify.com\/s\/files\/1\/0889\/2124\/3964\/files\/VOGUE_LOGO_svg_300x300_8a6fb0b7-4d63-44be-b196-fe77cc9270a0.png?v=1728844137\" alt=\"Vogue\"><\/a>\n      <a class=\"slide\" href=\"\"><img src=\"https:\/\/cdn.shopify.com\/s\/files\/1\/0889\/2124\/3964\/files\/in-style-logo_300x300_e43d2069-53a8-471a-b74c-1c8fa4eb58ac.png?v=1728844137\" alt=\"InStyle\"><\/a>\n      <a class=\"slide\" href=\"\"><img src=\"https:\/\/cdn.shopify.com\/s\/files\/1\/0889\/2124\/3964\/files\/ELLE_Magazine_Logo.svg_1_300x300_27df2960-2821-476b-a5c0-437b9b42b3b5.png?v=1728844137\" alt=\"Elle\"><\/a>\n    <\/div>\n  <\/div>\n<\/div>\n\n<style>\n.scrolling-logo-cloud {\n  overflow: hidden;\n  white-space: nowrap;\n}\n\n.marquee {\n  display: flex;\n  animation: scroll 15s linear infinite;\n}\n\n.track {\n  display: flex;\n  align-items: center;\n}\n\n.slide {\n  display: inline-block;\n  margin: 0 15px;\n}\n\n.slide img {\n  height: 24px; \/* Logonun yüksekliğini ayarlayın *\/\n  width: auto;\n}\n\n\/* Animasyon *\/\n@keyframes scroll {\n  0% {\n    transform: translateX(0);\n  }\n  100% {\n    transform: translateX(-100%);\n  }\n}\n<\/style>","color_scheme":"","padding_top":0,"padding_bottom":0}},"related-products":{"type":"related-products","disabled":true,"settings":{"heading":"You may also like","heading_size":"h2","products_to_show":4,"columns_desktop":4,"color_scheme":"scheme-1","image_ratio":"square","image_shape":"default","show_secondary_image":true,"show_vendor":false,"show_rating":false,"columns_mobile":"2","padding_top":36,"padding_bottom":28}},"rich_text_MXbkgy":{"type":"rich-text","blocks":{"heading_B3pyGe":{"type":"heading","settings":{"heading":"<strong>Şeffaf Kargo İle Müşteri Deneyimleri<\/strong>","heading_size":"hxxl"}}},"block_order":["heading_B3pyGe"],"disabled":true,"custom_css":["h2 {font-family: \"Montserrat\", \"Lato\"; font-size: 21px !important; font-weight: 800 !important; text-transform: uppercase;}",".rich-text__wrapper {width: 100%;}"],"settings":{"desktop_content_position":"center","content_alignment":"center","color_scheme":"","full_width":true,"padding_top":0,"padding_bottom":8}},"image_with_text_pYtL6g":{"type":"image-with-text","blocks":{"heading_FRy8ky":{"type":"heading","settings":{"heading":"Ödün Vermeden Lüks Görünüm","heading_size":"h1"}},"text_hte9gJ":{"type":"text","settings":{"text":"<p>Hem şıklığa hem de pratikliğe değer veren modayı takip eden kadınlarımız için sonbahar koleksiyonumuz eksiksiz tasarlanmıştır. bu parçalarımız rahatlıktan ödün vermeden gösterişli ve lüks bir görünüm kazandırır.<\/p><p><\/p>","text_style":"body"}}},"block_order":["heading_FRy8ky","text_hte9gJ"],"custom_css":[".image-with-text__content {padding: 20px 10px 0px 10px !important;}","h2 {text-align: center;}"],"settings":{"image":"shopify:\/\/shop_images\/WhatsApp_Image_2024-10-25_a_15_02_54_45f42c6b_enhanced.webp","height":"adapt","desktop_image_width":"medium","layout":"image_first","desktop_content_position":"middle","desktop_content_alignment":"left","content_layout":"no-overlap","section_color_scheme":"scheme-4","color_scheme":"scheme-4","image_behavior":"none","mobile_content_alignment":"left","padding_top":24,"padding_bottom":0}},"custom_liquid_UERmEb":{"type":"custom-liquid","settings":{"custom_liquid":"<div class=\"guarantee-section\">\n  <!-- Başlık -->\n  <h2 class=\"guarantee-title\">MEMNUNİYET GARANTİSİ<\/h2>\n  \n  <!-- Görsel -->\n  <div class=\"guarantee-image\">\n    <img src=\"https:\/\/cdn.shopify.com\/s\/files\/1\/0889\/2124\/3964\/files\/guarantee_2.png?v=1728844461\" alt=\"Garanti Rozeti\">\n  <\/div>\n  \n  <!-- Alt Başlık -->\n  <h3 class=\"guarantee-subtitle\">30 Gün Para İade Garantisi<\/h3>\n  \n  <!-- Açıklama -->\n  <p class=\"guarantee-description\">\n    Müşteri memnuniyeti bizim için her şeyden önemlidir. 30 gün para iade garantimiz sayesinde, alışverişinizi güvenle yapabilirsiniz. Sizin memnuniyetiniz her zaman önceliğimizdir.\n  <\/p>\n<\/div>\n<style>\n.guarantee-section {\n    background-color: #000;\n    color: #fff;\n    text-align: center;\n    padding: 24px 0px;\n}\n\n.guarantee-title {\n    font-size: 1.5em;\n    font-weight: bold;\n    margin-bottom: 20px;\n    text-transform: uppercase;\n    letter-spacing: 0.165em;\n    color: white;\n}\n\n.guarantee-subtitle {\n    color: white;\n    font-size: 1.4em;\n    letter-spacing: 0.035em;\n}\n\n.guarantee-description {\n    opacity: 0.6;\n    font-size: 0.9em;\n    line-height: 1.6;\n    max-width: 600px;\n    margin: 0 auto;\n    padding: 0 10px;\n}\n\n.guarantee-image img {\n    width: 8em;\n    height: auto;\n}\n\n<\/style>","color_scheme":"","padding_top":0,"padding_bottom":0}},"rich_text_idjAwL":{"type":"rich-text","blocks":{"heading_LFVAQK":{"type":"heading","settings":{"heading":"#Rosalia","heading_size":"h1"}}},"block_order":["heading_LFVAQK"],"settings":{"desktop_content_position":"center","content_alignment":"center","color_scheme":"","full_width":true,"padding_top":4,"padding_bottom":8}},"slideshow_HPnXK8":{"type":"slideshow","blocks":{"slide_PEGh7Q":{"type":"slide","settings":{"image":"shopify:\/\/shop_images\/455157775_1433760644004637_2282363091504261050_n.jpg","heading":"Görsel slaytı","heading_size":"h1","subheading":"Görsellerle marka öykünüzü anlatın","button_label":"Düğme etiketi","link":"","button_style_secondary":false,"box_align":"middle-center","show_text_box":false,"text_alignment":"center","image_overlay_opacity":0,"color_scheme":"scheme-1","text_alignment_mobile":"center"}}},"block_order":["slide_PEGh7Q"],"custom_css":["img {object-fit: contain;}",".media {background-color: white !important;}",".slideshow__controls {border: 0;}",".slideshow__text.banner__box {display: none !important;}",".slideshow__controls.slider-buttons {display: none !important;}"],"settings":{"layout":"full_bleed","slide_height":"large","slider_visual":"counter","auto_rotate":false,"change_slides_speed":5,"image_behavior":"none","show_text_below":false,"accessibility_info":""}},"custom_liquid_c9kwLn":{"type":"custom-liquid","settings":{"custom_liquid":"","color_scheme":"","padding_top":0,"padding_bottom":8}},"slideshow_RqUyBH":{"type":"slideshow","blocks":{"slide_GrYjNe":{"type":"slide","settings":{"image":"shopify:\/\/shop_images\/455910675_528053503210794_4035483449259630943_n.jpg","heading":"Review","heading_size":"h1","subheading":"","button_label":"Düğme etiketi","link":"","button_style_secondary":false,"box_align":"middle-center","show_text_box":false,"text_alignment":"center","image_overlay_opacity":0,"color_scheme":"","text_alignment_mobile":"center"}}},"block_order":["slide_GrYjNe"],"custom_css":["img {object-fit: contain;}",".media {background-color: white !important;}",".slideshow__controls {border: 0;}",".slideshow__text.banner__box {display: none !important;}",".slideshow__controls.slider-buttons {display: none !important;}"],"settings":{"layout":"full_bleed","slide_height":"large","slider_visual":"counter","auto_rotate":false,"change_slides_speed":5,"image_behavior":"none","show_text_below":false,"accessibility_info":""}},"custom_liquid_fWGpcK":{"type":"custom-liquid","settings":{"custom_liquid":"","color_scheme":"","padding_top":0,"padding_bottom":8}},"slideshow_TUrXCH":{"type":"slideshow","blocks":{"slide_rUDBCt":{"type":"slide","settings":{"image":"shopify:\/\/shop_images\/456270456_18361126573104351_2983093560841809628_n.jpg","heading":"Review","heading_size":"h1","subheading":"","button_label":"Düğme etiketi","link":"","button_style_secondary":false,"box_align":"middle-center","show_text_box":false,"text_alignment":"center","image_overlay_opacity":0,"color_scheme":"","text_alignment_mobile":"center"}}},"block_order":["slide_rUDBCt"],"custom_css":["img {object-fit: contain;}",".media {background-color: white !important;}",".slideshow__controls {border: 0;}",".slideshow__text.banner__box {display: none !important;}",".slideshow__controls.slider-buttons {display: none !important;}"],"settings":{"layout":"full_bleed","slide_height":"large","slider_visual":"counter","auto_rotate":false,"change_slides_speed":5,"image_behavior":"none","show_text_below":false,"accessibility_info":""}},"featured_collection_N7dwMh":{"type":"featured-collection","custom_css":["h2 {font-family: \"Montserrat\", \"Lato\"; font-size: 23px; font-weight: 700;}","span.price-item.price-item--sale.price-item--last {color: red; font-weight: bold; font-size: 10px; margin-right: 10px;}",".price__sale {display: flex !important; flex-direction: row; flex-wrap: nowrap; align-items: flex-end;}",".badge.badge--bottom-left.color-scheme-4 {border-radius: 0 !important;}",".card__badge.top.left {display: none !important;}","s.price-item.price-item--regular {font-size: 10px !important;}"],"settings":{"title":"BU ÜRÜNLERİ SEVECEĞİNİZİ DÜŞÜNÜYORUZ","heading_size":"h2","description":"","show_description":false,"description_style":"body","collection":"yeni-gelenler","products_to_show":16,"columns_desktop":4,"full_width":false,"show_view_all":false,"view_all_style":"solid","enable_desktop_slider":false,"color_scheme":"","image_ratio":"portrait","image_shape":"default","show_secondary_image":false,"show_vendor":false,"show_rating":false,"quick_add":"none","columns_mobile":"2","swipe_on_mobile":true,"padding_top":4,"padding_bottom":16}},"rich_text_GikkEr":{"type":"rich-text","blocks":{"button_CfKFkC":{"type":"button","settings":{"button_label":"➝Alt Giyim'e Geri Dön!","button_link":"shopify:\/\/collections\/alt-giyim","button_style_secondary":false,"button_label_2":"","button_link_2":"","button_style_secondary_2":false}}},"block_order":["button_CfKFkC"],"custom_css":["a.button.button--primary {display: flex;}"],"settings":{"desktop_content_position":"center","content_alignment":"center","color_scheme":"","full_width":true,"padding_top":4,"padding_bottom":8}}},"order":["main","custom_liquid_4MVtqN","related-products","rich_text_MXbkgy","image_with_text_pYtL6g","custom_liquid_UERmEb","rich_text_idjAwL","slideshow_HPnXK8","custom_liquid_c9kwLn","slideshow_RqUyBH","custom_liquid_fWGpcK","slideshow_TUrXCH","featured_collection_N7dwMh","rich_text_GikkEr"]}