{"sections":{"banner":{"type":"main-collection-banner","settings":{"show_collection_description":false,"show_collection_image":false,"color_scheme":"scheme-1"}},"product-grid":{"type":"main-collection-product-grid","custom_css":["h2 {font-size: 23px; font-weight: 700;}","span.price-item.price-item--sale.price-item--last {color: red; font-weight: bold; font-size: 10px; margin-right: 10px;}",".badge.badge--bottom-left.color-scheme-4 {border-radius: 0 !important;}",".card__badge.top.left {display: none !important;}","s.price-item.price-item--regular {font-size: 10px !important;}"],"settings":{"products_per_page":16,"columns_desktop":4,"color_scheme":"scheme-1","image_ratio":"portrait","image_shape":"default","show_secondary_image":true,"show_vendor":false,"show_rating":false,"quick_add":"none","enable_filtering":true,"filter_type":"horizontal","enable_sorting":true,"columns_mobile":"2","padding_top":0,"padding_bottom":12}}},"order":["banner","product-grid"]}