{"sections":{"image_banner":{"type":"image-banner","blocks":{"text_PhCDrN":{"type":"text","settings":{"text":"%50'ye Varan İndirim","text_style":"caption-with-letter-spacing"}},"button":{"type":"buttons","settings":{"button_label_1":"KOLEKSİYONLARI KEŞFET","button_link_1":"shopify:\/\/collections\/all","button_style_secondary_1":false,"button_label_2":"","button_link_2":"","button_style_secondary_2":false}}},"block_order":["text_PhCDrN","button"],"settings":{"image_overlay_opacity":40,"image_height":"large","desktop_content_position":"bottom-center","show_text_box":false,"desktop_content_alignment":"center","color_scheme":"scheme-3","image_behavior":"none","mobile_content_alignment":"center","stack_images_on_mobile":false,"show_text_below":false}},"collection_list_mzTVbY":{"type":"collection-list","blocks":{"featured_collection_qaVYAw":{"type":"featured_collection","settings":{"collection":"bebek-kiyafetleri-6-12-ay"}},"featured_collection_AiR7Ay":{"type":"featured_collection","settings":{"collection":"bebek-kiyafetleri-6-12-ay"}},"featured_collection_NPhyi8":{"type":"featured_collection","settings":{"collection":"bebek-kiyafetleri-6-12-ay"}},"featured_collection_YUhcgB":{"type":"featured_collection","settings":{"collection":"bebek-kiyafetleri-6-12-ay"}}},"block_order":["featured_collection_qaVYAw","featured_collection_AiR7Ay","featured_collection_NPhyi8","featured_collection_YUhcgB"],"custom_css":["h3.card__heading,.card__link {color: black;}","h3.card__heading {font-size: 30px; font-weight: 800;}",".card__information {padding: 0 !important;}",".card__link {display: none !important;}","h2 {text-align: center;}"],"settings":{"title":"koleksiyon başlığının rengini değiştirmek için özel css kısmındaki color: white'ı değiştirmek istediğiniz hex kodu veya renk ismiyle değiştirmeniz gerekmektedir.<strong> örneğin color: black; veya color: #B22C0F;.<\/strong>","heading_size":"h2","image_ratio":"portrait","columns_desktop":3,"color_scheme":"","show_view_all":false,"columns_mobile":"1","swipe_on_mobile":true,"padding_top":24,"padding_bottom":0}},"featured_collection_LcBU3R":{"type":"featured-collection","custom_css":[".button:before {border-radius: none !important; box-shadow: none !important;}",".button:after {border-radius: none !important; box-shadow: none !important;}",".button {min-width: 0 !important;}","h2 {text-align: center;}"],"settings":{"title":"<strong>EYLÜL AYI EN ÇOK SATANLAR<\/strong>","heading_size":"h1","description":"","show_description":false,"description_style":"body","collection":"bebek-kiyafetleri-6-12-ay","products_to_show":8,"columns_desktop":4,"full_width":false,"show_view_all":true,"view_all_style":"link","enable_desktop_slider":true,"color_scheme":"","image_ratio":"portrait","image_shape":"default","show_secondary_image":false,"show_vendor":false,"show_rating":false,"quick_add":"none","columns_mobile":"2","swipe_on_mobile":false,"padding_top":0,"padding_bottom":0}},"horizontal_ticker_n3PrGr":{"type":"horizontal-ticker","blocks":{"text_HhXBnr":{"type":"text","settings":{"title":"Tüm Siparişlerde Ücretsiz Ekspres Kargo."}},"text_kENMCV":{"type":"text","settings":{"title":"30 Gün Para İade Garantisi"}}},"block_order":["text_HhXBnr","text_kENMCV"],"settings":{"speed":3,"text_spacing":3,"text_size":"1.75","italic_text":false,"uppercase_text":false,"bold_text":true,"color_scheme":"scheme-2","padding_top":8,"padding_bottom":8}},"image_banner_eBQHWP":{"type":"image-banner","blocks":{"heading_3ahKGG":{"type":"heading","settings":{"heading":"<strong>Fotoğraflarınızla Duvarlarınıza Hayat Verin!<\/strong>","heading_size":"h1"}},"text_VcrEJh":{"type":"text","settings":{"text":"<strong>Görsellerinizi Eşsiz Sanat Eserlerine Dönüştürün!<\/strong>","text_style":"caption-with-letter-spacing"}},"buttons_dBHr3x":{"type":"buttons","settings":{"button_label_1":"FOTOĞRAF'I YÜKLE","button_link_1":"shopify:\/\/collections\/all","button_style_secondary_1":false,"button_label_2":"","button_link_2":"","button_style_secondary_2":false}}},"block_order":["heading_3ahKGG","text_VcrEJh","buttons_dBHr3x"],"settings":{"image_overlay_opacity":40,"image_height":"adapt","desktop_content_position":"bottom-center","show_text_box":false,"desktop_content_alignment":"center","color_scheme":"scheme-3","image_behavior":"none","mobile_content_alignment":"center","stack_images_on_mobile":false,"show_text_below":false}},"featured_collection_K4MQra":{"type":"featured-collection","custom_css":[".button:before {border-radius: none !important; box-shadow: none !important;}",".button:after {border-radius: none !important; box-shadow: none !important;}",".button {min-width: 0 !important;}","h2 {text-align: center;}"],"settings":{"title":"<strong>Tasarımcıların Özel Koleksiyonu<\/strong>","heading_size":"h1","description":"","show_description":false,"description_style":"body","collection":"bebek-kiyafetleri-6-12-ay","products_to_show":9,"columns_desktop":3,"full_width":false,"show_view_all":false,"view_all_style":"link","enable_desktop_slider":false,"color_scheme":"","image_ratio":"portrait","image_shape":"default","show_secondary_image":false,"show_vendor":false,"show_rating":false,"quick_add":"none","columns_mobile":"2","swipe_on_mobile":true,"padding_top":12,"padding_bottom":0}}},"order":["image_banner","collection_list_mzTVbY","featured_collection_LcBU3R","horizontal_ticker_n3PrGr","image_banner_eBQHWP","featured_collection_K4MQra"]}