{"sections":{"main":{"type":"main-product","blocks":{"title":{"type":"title","settings":{}},"price":{"type":"price","settings":{}},"variant_picker":{"type":"variant_picker","settings":{"picker_type":"button","swatch_shape":"none"}},"buy_buttons":{"type":"buy_buttons","settings":{"show_dynamic_checkout":false,"show_gift_card_recipient":false}},"description":{"type":"description","settings":{}}},"block_order":["title","price","variant_picker","buy_buttons","description"],"custom_css":["h1 {font-size: 1.2em !important;}"],"settings":{"enable_sticky_info":true,"color_scheme":"scheme-1","media_size":"large","constrain_to_viewport":true,"media_fit":"cover","gallery_layout":"thumbnail_slider","media_position":"left","image_zoom":"none","mobile_thumbnails":"hide","hide_variants":true,"enable_video_looping":true,"padding_top":0,"padding_bottom":0}},"related-products":{"type":"related-products","disabled":true,"settings":{"heading":"<strong>EN ÇOK SATANLARIMIZI KEŞFETİN<\/strong>","heading_size":"h2","products_to_show":10,"columns_desktop":4,"color_scheme":"scheme-1","image_ratio":"square","image_shape":"default","show_secondary_image":true,"show_vendor":false,"show_rating":false,"columns_mobile":"2","padding_top":36,"padding_bottom":28}},"featured_collection_axHQCj":{"type":"featured-collection","custom_css":[".price__sale {display: flex !important; flex-direction: row; flex-wrap: nowrap; align-items: flex-end;}",".badge.badge--bottom-left.color-scheme-4 {border-radius: 0 !important;}",".card__badge.top.left {display: none !important;}","s.price-item.price-item--regular {font-size: 10px !important;}","h2 {text-align: center;}"],"settings":{"title":"<strong>EN ÇOK SATANLARIMIZI KEŞFETİN<\/strong>","heading_size":"h2","description":"","show_description":false,"description_style":"body","collection":"bebek-kiyafetleri-6-12-ay","products_to_show":20,"columns_desktop":4,"full_width":false,"show_view_all":false,"view_all_style":"solid","enable_desktop_slider":false,"color_scheme":"","image_ratio":"adapt","image_shape":"default","show_secondary_image":false,"show_vendor":false,"show_rating":false,"quick_add":"none","columns_mobile":"2","swipe_on_mobile":false,"padding_top":12,"padding_bottom":36}}},"order":["main","related-products","featured_collection_axHQCj"]}