{"sections":{"main":{"type":"main-product","blocks":{"title":{"type":"title","settings":{}},"price":{"type":"price","settings":{}},"variant_picker":{"type":"variant_picker","settings":{"picker_type":"button","swatch_shape":"none"}},"buy_buttons":{"type":"buy_buttons","settings":{"show_dynamic_checkout":false,"show_gift_card_recipient":false}},"custom_liquid_gpe9FV":{"type":"custom_liquid","settings":{"custom_liquid":"<button style=\"margin-bottom: 0 !important;\" class=\"dropdown-btn\" onclick=\"toggleSizeChart()\">Beden Tablosu\n    <svg aria-hidden=\"true\" focusable=\"false\" class=\"icon icon-caret\" viewbox=\"0 0 10 6\">\n        <path fill-rule=\"evenodd\" clip-rule=\"evenodd\" d=\"M9.354.646a.5.5 0 00-.708 0L5 4.293 1.354.646a.5.5 0 00-.708.708l4 4a.5.5 0 00.708 0l4-4a.5.5 0 000-.708z\" fill=\"currentColor\"><\/path>\n    <\/svg>\n<\/button>\n\n<div id=\"sizeChart\" style=\"display: none;\">\n    <table style=\"font-size: 1rem !important;\">\n        <thead>\n            <tr>\n                <th>Beden<\/th>\n                <th>Beden<\/th>\n                <th>Göğüs<\/th>\n                <th>Bel<\/th>\n                <th>Kalça<\/th>\n            <\/tr>\n        <\/thead>\n        <tbody>\n            <tr>\n                <td>XS<\/td>\n                <td>34<\/td>\n                <td>81-84<\/td>\n                <td>61-64<\/td>\n                <td>86-91<\/td>\n            <\/tr>\n            <tr>\n                <td>S<\/td>\n                <td>36<\/td>\n                <td>84-89<\/td>\n                <td>64-69<\/td>\n                <td>91-96<\/td>\n            <\/tr>\n            <tr>\n                <td>M<\/td>\n                <td>38<\/td>\n                <td>89-94<\/td>\n                <td>69-74<\/td>\n                <td>96-101<\/td>\n            <\/tr>\n            <tr>\n                <td>L<\/td>\n                <td>40<\/td>\n                <td>94-101<\/td>\n                <td>74-81<\/td>\n                <td>101-109<\/td>\n            <\/tr>\n            <tr>\n                <td>XL<\/td>\n                <td>42-44<\/td>\n                <td>101-106<\/td>\n                <td>81-89<\/td>\n                <td>109-117<\/td>\n            <\/tr>\n        <\/tbody>\n    <\/table>\n<\/div>\n\n<style>\n    \/* Dropdown stilinde buton *\/\n    .dropdown-btn {\n        background-color: #f1f1f1;\n        border: none;\n        cursor: pointer;\n        padding: 15px;\n        width: 100%; \/* Buton genişliği tam *\/\n        text-align: left;\n        font-size: 16px;\n        display: flex;\n        justify-content: space-between;\n        align-items: center;\n        height: 50px;\n        border-bottom: 1px solid black !important; \/* Altına siyah border eklendi *\/\n    }\n\n    .dropdown-btn .icon-caret {\n        width: 10px;\n        height: 6px;\n        margin-left: auto;\n        transition: transform 0.3s ease;\n    }\n\n    .dropdown-btn.active .icon-caret {\n        transform: rotate(-180deg);\n    }\n\n    \/* Gizli içeriği açmak için *\/\n    #sizeChart {\n        display: none;\n        margin-top: 10px;\n    }\n\n    .dropdown-btn.active + #sizeChart {\n        display: block;\n    }\n\n    \/* Tablo stili *\/\n    table {\n        width: 100%;\n        border-collapse: collapse;\n        margin-top: 10px;\n    }\n\n    th, td {\n        border: 1px solid #ddd;\n        padding: 8px;\n        text-align: center;\n    }\n\n    th {\n        background-color: #f2f2f2;\n    }\n<\/style>\n\n<script>\n    function toggleSizeChart() {\n        var dropdownBtn = document.querySelector(\".dropdown-btn\");\n        dropdownBtn.classList.toggle(\"active\");\n\n        var sizeChart = document.getElementById(\"sizeChart\");\n        if (sizeChart.style.display === \"none\") {\n            sizeChart.style.display = \"block\";\n        } else {\n            sizeChart.style.display = \"none\";\n        }\n    }\n<\/script>"}},"custom_liquid_yda3F8":{"type":"custom_liquid","settings":{"custom_liquid":"<div style=\"margin: 0 !important;\">\n    <button class=\"dropdown-btn\">\n        Taksit Seçenekleri\n        <svg aria-hidden=\"true\" focusable=\"false\" class=\"icon icon-caret\" viewbox=\"0 0 10 6\">\n            <path fill-rule=\"evenodd\" clip-rule=\"evenodd\" d=\"M9.354.646a.5.5 0 00-.708 0L5 4.293 1.354.646a.5.5 0 00-.708.708l4 4a.5.5 0 00.708 0l4-4a.5.5 0 000-.708z\" fill=\"currentColor\"><\/path>\n        <\/svg>\n    <\/button>\n    <div class=\"dropdown-content\" style=\"display: none;\">\n        <div id=\"paytr_taksit_tablosu\"><\/div>\n        <script src=\"https:\/\/www.paytr.com\/odeme\/taksit-tablosu\/v2?token=2ea9854c2b5a30f1fde4fa0edfa03387a249e0ef5a061d414fc9580c8bec663e&merchant_id=487359&amount={{ product.price | money_without_currency | replace: ',', '' }}&taksit=0&tumu=0\"><\/script>\n    <\/div>\n<\/div>\n<style>\n\n.taksit-tutar-wrapper.taksit-tutari-bold {\n    background-color: #e3d4ce;\n    position: relative; \/* Konumlandırma için relative kullanıyoruz *\/\n}\n\n.taksit-tutar-wrapper.taksit-tutari-bold::before {\n    content: '🔥';\n    color: red;\n    font-size: 20px;\n    position: absolute;\n    top: -16px;\n    left: -5px;\n}\n  #paytr_taksit_tablosu{clear: both;font-size: 12px;max-width: 1200px;text-align: center;font-family: Arial, sans-serif;}\n    #paytr_taksit_tablosu::before {display: table;content: \" \";}\n    #paytr_taksit_tablosu::after {content: \"\";clear: both;display: table;}\n    .taksit-tablosu-wrapper{margin: 5px;width: 280px;padding: 12px;cursor: default;text-align: center;display: inline-block;border: 1px solid #e1e1e1;}\n    .taksit-logo img{max-height: 28px;padding-bottom: 10px;}\n    .taksit-tutari-text{float: left;width: 126px;color: #a2a2a2;margin-bottom: 5px;}\n    .taksit-tutar-wrapper{display: inline-block;background-color: #f7f7f7;}\n    .taksit-tutar-wrapper:hover{background-color: #e8e8e8;}\n    .taksit-tutari{float: left;width: 126px;padding: 6px 0;color: #474747;border: 2px solid #ffffff;}\n    .taksit-tutari-bold{font-weight: bold;}\n    @media all and (max-width: 600px) {.taksit-tablosu-wrapper {margin: 5px 0;}}\n<\/style>"}},"description_NiTKVk":{"type":"description","settings":{}},"custom_liquid_FNxcHc":{"type":"custom_liquid","disabled":true,"settings":{"custom_liquid":"<div class=\"product-features\">\n  <ul>\n    <li style=\"font-size: 0.80em;\">\n      <img src=\"https:\/\/img.icons8.com\/ios-filled\/50\/008000\/free-shipping.png\" alt=\"Free Shipping Icon\" width=\"20\" height=\"20\">\n      Tüm ürünlerde ücretsiz kargo\n    <\/li>\n    <li style=\"font-size: 0.80em;\">\n      <img src=\"https:\/\/img.icons8.com\/ios-filled\/50\/008000\/return.png\" alt=\"Return Icon\" width=\"20\" height=\"20\">\n      30 gün iade hakkı\n    <\/li>\n    <li style=\"font-size: 0.80em;\">\n      <img src=\"https:\/\/img.icons8.com\/ios-filled\/50\/008000\/shield.png\" alt=\"Secure Shopping Icon\" width=\"20\" height=\"20\">\n      3D İle Alışveriş\n    <\/li>\n  <\/ul>\n  <p class=\"discount\" style=\"font-size: 0.80em;\">\n    {% if product.compare_at_price > product.price %}\n      {% assign discount_amount = product.compare_at_price | minus: product.price %}\n      Bu üründe ay sonuna kadar {{ discount_amount | money }} İndirim\n    {% endif %}\n  <\/p>\n  <hr class=\"divider\">\n  <div class=\"policies\">\n    <ul class=\"policy-list\">\n      <li>Güvenli ödeme<\/li>\n      <li>Gizlilik kuralları<\/li>\n    <\/ul>\n    <ul class=\"policy-list\">\n      <li>Güvenli kargo<\/li>\n      <li>Müşteri hizmetleri<\/li>\n    <\/ul>\n  <\/div>\n<\/div>\n\n<style>\n.product-features ul {\n  list-style-type: none;\n  padding: 0;\n}\n.product-features li {\n  display: flex;\n  align-items: center;\n  margin-bottom: 10px;\n}\n.product-features li img {\n  margin-right: 10px;\n}\n.product-features .discount {\n  color: red;\n  font-weight: bold;\n  margin-top: 20px;\n  display: flex;\n  justify-content: space-between;\n  align-items: center;\n}\n.product-features .divider {\n  border: 0;\n  border-top: 1px solid #ccc;\n  margin: 20px 0;\n}\n.product-features .policies {\n  display: flex;\n  flex-wrap: wrap;\n}\n.product-features .policies ul {\n  list-style-type: none;\n  padding: 0;\n  width: 50%;\n}\n.product-features .policies li {\n  display: flex;\n  align-items: center;\n  margin-bottom: 5px;\n  justify-content: flex-start;\n}\n.product-features .policies li::before {\n  content: '•';\n  color: green;\n  margin-right: 5px;\n}\n@media (max-width: 768px) {\n  .policy-list {\n    display: none;\n  }\n}\n<\/style>"}}},"block_order":["title","price","variant_picker","buy_buttons","custom_liquid_gpe9FV","custom_liquid_yda3F8","description_NiTKVk","custom_liquid_FNxcHc"],"custom_css":[".slider-button {background: none !important;}","span.price-item.price-item--sale.price-item--last {color: red; font-weight: bold; font-size: 14px;}",".price__sale {display: flex !important; flex-direction: row-reverse !important; align-items: center;}",".slider-buttons {margin-top: -20px; display: flex; align-items: center; justify-content: center !important;}","h1 {font-size: 16px;}","span.badge {background-color: red;}",".product__description.rte.quick-add-hidden {margin-top: 0 !important;}",".kapida-odeme-text {display: none !important;}"],"settings":{"enable_sticky_info":true,"color_scheme":"scheme-d29c7b63-bb9c-4ef2-bf17-414fd7519301","enable_timeline_kargo":false,"timeline_kargo_day":1,"media_size":"small","constrain_to_viewport":true,"media_fit":"contain","gallery_layout":"thumbnail_slider","media_position":"left","image_zoom":"none","mobile_thumbnails":"hide","hide_variants":true,"enable_video_looping":false,"padding_top":12,"padding_bottom":0}},"related-products":{"type":"related-products","disabled":true,"settings":{"heading":"You may also like","heading_size":"h2","products_to_show":4,"columns_desktop":4,"color_scheme":"scheme-1","image_ratio":"square","image_shape":"default","show_secondary_image":true,"show_vendor":false,"show_rating":false,"columns_mobile":"2","padding_top":36,"padding_bottom":28}},"rich_text_MXbkgy":{"type":"rich-text","blocks":{"heading_B3pyGe":{"type":"heading","settings":{"heading":"<strong>Şeffaf Kargo İle Müşteri Deneyimleri<\/strong>","heading_size":"hxxl"}}},"block_order":["heading_B3pyGe"],"disabled":true,"custom_css":["h2 {font-family: \"Montserrat\", \"Lato\"; font-size: 21px !important; font-weight: 800 !important; text-transform: uppercase;}",".rich-text__wrapper {width: 100%;}"],"settings":{"desktop_content_position":"center","content_alignment":"center","color_scheme":"","full_width":true,"padding_top":0,"padding_bottom":8}},"slideshow_HPnXK8":{"type":"slideshow","blocks":{"slide_BD3ttV":{"type":"slide","settings":{"image":"shopify:\/\/shop_images\/131C79EC-440D-43BD-B1EB-44B6E7C3BEB6.jpg","heading":"Review","heading_size":"h1","subheading":"","button_label":"Düğme etiketi","link":"","button_style_secondary":false,"box_align":"middle-center","show_text_box":false,"text_alignment":"center","image_overlay_opacity":0,"color_scheme":"","text_alignment_mobile":"center"}},"slide_kX7xKf":{"type":"slide","settings":{"image":"shopify:\/\/shop_images\/66921198-34FA-487C-A7AB-55210981F7F1.jpg","heading":"Review","heading_size":"h1","subheading":"","button_label":"Düğme etiketi","link":"","button_style_secondary":false,"box_align":"middle-center","show_text_box":false,"text_alignment":"center","image_overlay_opacity":0,"color_scheme":"","text_alignment_mobile":"center"}},"slide_tkKYfj":{"type":"slide","settings":{"image":"shopify:\/\/shop_images\/C6D2E213-28AB-4DC5-997E-9835ACC69B42.jpg","heading":"Review","heading_size":"h1","subheading":"","button_label":"Düğme etiketi","link":"","button_style_secondary":false,"box_align":"middle-center","show_text_box":false,"text_alignment":"center","image_overlay_opacity":0,"color_scheme":"","text_alignment_mobile":"center"}},"slide_VQBJWP":{"type":"slide","settings":{"image":"shopify:\/\/shop_images\/126D14D2-40EB-4E32-A615-55B957C0BDEA.jpg","heading":"Review","heading_size":"h1","subheading":"","button_label":"Düğme etiketi","link":"","button_style_secondary":false,"box_align":"middle-center","show_text_box":false,"text_alignment":"center","image_overlay_opacity":0,"color_scheme":"","text_alignment_mobile":"center"}},"slide_f4k8BD":{"type":"slide","settings":{"image":"shopify:\/\/shop_images\/IMG_0645.jpg","heading":"Review","heading_size":"h1","subheading":"","button_label":"Düğme etiketi","link":"","button_style_secondary":false,"box_align":"middle-center","show_text_box":false,"text_alignment":"center","image_overlay_opacity":0,"color_scheme":"","text_alignment_mobile":"center"}},"slide_7MKVGa":{"type":"slide","settings":{"image":"shopify:\/\/shop_images\/1724466653104.jpg","heading":"Review","heading_size":"h1","subheading":"","button_label":"Düğme etiketi","link":"","button_style_secondary":false,"box_align":"middle-center","show_text_box":false,"text_alignment":"center","image_overlay_opacity":0,"color_scheme":"","text_alignment_mobile":"center"}},"slide_eXwKe8":{"type":"slide","settings":{"image":"shopify:\/\/shop_images\/IMG_0646.jpg","heading":"Görsel slaytı","heading_size":"h1","subheading":"Görsellerle marka öykünüzü anlatın","button_label":"Düğme etiketi","link":"","button_style_secondary":false,"box_align":"middle-center","show_text_box":true,"text_alignment":"center","image_overlay_opacity":0,"color_scheme":"scheme-1","text_alignment_mobile":"center"}},"slide_xr3aHK":{"type":"slide","settings":{"image":"shopify:\/\/shop_images\/IMG_0644.jpg","heading":"Görsel slaytı","heading_size":"h1","subheading":"Görsellerle marka öykünüzü anlatın","button_label":"Düğme etiketi","link":"","button_style_secondary":false,"box_align":"middle-center","show_text_box":true,"text_alignment":"center","image_overlay_opacity":0,"color_scheme":"scheme-1","text_alignment_mobile":"center"}},"slide_yJBY88":{"type":"slide","settings":{"image":"shopify:\/\/shop_images\/1724466653104.jpg","heading":"Görsel slaytı","heading_size":"h1","subheading":"Görsellerle marka öykünüzü anlatın","button_label":"Düğme etiketi","link":"","button_style_secondary":false,"box_align":"middle-center","show_text_box":true,"text_alignment":"center","image_overlay_opacity":0,"color_scheme":"scheme-1","text_alignment_mobile":"center"}},"slide_kT3W8e":{"type":"slide","settings":{"image":"shopify:\/\/shop_images\/20A680FF-8C9D-4AAF-AEBC-BEFB4E279D42.jpg","heading":"Görsel slaytı","heading_size":"h1","subheading":"Görsellerle marka öykünüzü anlatın","button_label":"Düğme etiketi","link":"","button_style_secondary":false,"box_align":"middle-center","show_text_box":true,"text_alignment":"center","image_overlay_opacity":0,"color_scheme":"scheme-1","text_alignment_mobile":"center"}},"slide_PEGh7Q":{"type":"slide","settings":{"image":"shopify:\/\/shop_images\/IMG_0647.jpg","heading":"Görsel slaytı","heading_size":"h1","subheading":"Görsellerle marka öykünüzü anlatın","button_label":"Düğme etiketi","link":"","button_style_secondary":false,"box_align":"middle-center","show_text_box":true,"text_alignment":"center","image_overlay_opacity":0,"color_scheme":"scheme-1","text_alignment_mobile":"center"}}},"block_order":["slide_BD3ttV","slide_kX7xKf","slide_tkKYfj","slide_VQBJWP","slide_f4k8BD","slide_7MKVGa","slide_eXwKe8","slide_xr3aHK","slide_yJBY88","slide_kT3W8e","slide_PEGh7Q"],"disabled":true,"custom_css":["img {object-fit: contain;}",".media {background-color: #ffffff !important;}",".slideshow__controls {border: 0;}",".slideshow__text.banner__box {display: none !important;}"],"settings":{"layout":"grid","slide_height":"large","slider_visual":"counter","auto_rotate":false,"change_slides_speed":5,"image_behavior":"none","show_text_below":false,"accessibility_info":""}},"custom_liquid_4MVtqN":{"type":"custom-liquid","disabled":true,"custom_css":["h2 {font-family: \"Montserrat\", \"Lato\"; font-size: 21px; font-weight: 800; margin-top: 0em;}"],"settings":{"custom_liquid":"<div class=\"discount-opportunity\">\n  <h2>SEPETTE İNDİRİM FIRSATI<\/h2>\n  <table class=\"discount-table\">\n    <thead>\n      <tr>\n        <th>SEPET TUTARI<\/th>\n        <th>Sepette 5% İndirim<\/th>\n        <th>Sepette 10% İndirim<\/th>\n        <th>Sepette 20% İndirim<\/th>\n      <\/tr>\n    <\/thead>\n    <tbody>\n      <tr>\n        <td>3.000₺ ve üzeri<\/td>\n        <td><span class=\"check\">&#10003;<\/span><\/td>\n        <td><span class=\"cross\">&#10007;<\/span><\/td>\n        <td><span class=\"cross\">&#10007;<\/span><\/td>\n      <\/tr>\n      <tr>\n        <td>5.000₺ ve üzeri<\/td>\n        <td><span class=\"cross\">&#10007;<\/span><\/td>\n        <td><span class=\"check\">&#10003;<\/span><\/td>\n        <td><span class=\"cross\">&#10007;<\/span><\/td>\n      <\/tr>\n      <tr>\n        <td>10.000₺ ve üzeri<\/td>\n        <td><span class=\"cross\">&#10007;<\/span><\/td>\n        <td><span class=\"cross\">&#10007;<\/span><\/td>\n        <td><span class=\"check\">&#10003;<\/span><\/td>\n      <\/tr>\n    <\/tbody>\n  <\/table>\n<\/div>\n\n<style>\n.discount-opportunity {\n  width: 100%;\n  text-align: center;\n  padding: 10px;\n}\n\nh2 {\n  font-size: 1.3em;\n  text-align: center;\n  font-weight: 1000;\n}\n\n.discount-table {\n  width: 100%;\n  border-collapse: collapse;\n}\n\n.discount-table th,\n.discount-table td {\n    border: 1px solid #ddd;\n    padding: 8px;\n    font-size: 0.80em;\n    font-weight: bold;\n}\n\n.discount-table th {\n  background-color: #f4f4f4;\n  font-weight: bold;\n}\n\n.discount-table td {\n  text-align: center;\n}\n\n.check {\n  color: green;\n}\n\n.cross {\n  color: red;\n}\n\n<\/style>\n<style>\n.section-template--15072625819781__custom_liquid_4MVtqN-padding {\n    display: flex;\n    justify-content: center;\n    align-items: center;\n}\n<\/style>","color_scheme":"","padding_top":0,"padding_bottom":0}},"featured_collection_N7dwMh":{"type":"featured-collection","custom_css":["h2 {font-family: \"Montserrat\", \"Lato\"; font-size: 23px; font-weight: 700;}","span.price-item.price-item--sale.price-item--last {color: red; font-weight: bold; font-size: 10px; margin-right: 10px;}",".price__sale {display: flex !important; flex-direction: row; flex-wrap: nowrap; align-items: flex-end;}",".badge.badge--bottom-left.color-scheme-4 {border-radius: 0 !important;}",".card__badge.top.left {display: none !important;}","s.price-item.price-item--regular {font-size: 10px !important;}"],"settings":{"title":"EN ÇOK SATANLARIMIZI KEŞFEDİN","heading_size":"h1","description":"","show_description":false,"description_style":"body","collection":"en-cok-satanlarimizi-kesfedin","products_to_show":16,"columns_desktop":4,"full_width":false,"show_view_all":false,"view_all_style":"solid","enable_desktop_slider":false,"color_scheme":"","image_ratio":"portrait","image_shape":"default","show_secondary_image":false,"show_vendor":false,"show_rating":false,"quick_add":"none","columns_mobile":"2","swipe_on_mobile":true,"padding_top":0,"padding_bottom":0}},"featured_collection_MF4YMk":{"type":"featured-collection","disabled":true,"custom_css":["h2 {font-family: \"Montserrat\", \"Lato\"; font-size: 23px; font-weight: 700;}","span.price-item.price-item--sale.price-item--last {color: red; font-weight: bold; font-size: 10px; margin-right: 10px;}",".price__sale {display: flex !important; flex-direction: row; flex-wrap: nowrap; align-items: flex-end;}",".badge.badge--bottom-left.color-scheme-4 {border-radius: 0 !important;}",".card__badge.top.left {display: none !important;}","s.price-item.price-item--regular {font-size: 10px !important;}"],"settings":{"title":"Ziyaretçiler bunları da beğendi","heading_size":"h1","description":"","show_description":false,"description_style":"body","collection":"cantalar","products_to_show":8,"columns_desktop":4,"full_width":false,"show_view_all":true,"view_all_style":"solid","enable_desktop_slider":false,"color_scheme":"","image_ratio":"square","image_shape":"default","show_secondary_image":false,"show_vendor":false,"show_rating":false,"quick_add":"none","columns_mobile":"2","swipe_on_mobile":true,"padding_top":16,"padding_bottom":0}},"collapsible_content_ndd6mJ":{"type":"collapsible-content","blocks":{"collapsible_row_KBQKn3":{"type":"collapsible_row","settings":{"heading":"Kargomu nasıl takip ederim ?","icon":"truck","row_content":"<p><strong>1. Adım<\/strong><\/p><p>Ekranın sol üstünde bulunan 3 çizgiye basın.<\/p><p><\/p><p><strong>2. Adım<\/strong><\/p><p>Açılan bölümdeki \"Kargo takip\" butonuna basın.<\/p><p><strong>3. Adım<\/strong><\/p><p>Gelen ekranda \"Takip numarası...\" yazan kısma takip numaranızı (başında # olmadan) , e-postanızı veya telefon numaranızı girin.<\/p><p><strong>4. Adım<\/strong><\/p><p>Açılan pencereden kargonuzun hangi durumda olduğunu öğrenin.<\/p>","page":""}},"collapsible_row_6Lw4Kg":{"type":"collapsible_row","disabled":true,"settings":{"heading":"Siparişim ne zaman gelecek ?","icon":"stopwatch","row_content":"<ul><li>Siparişinizin gönderilmesi için lütfen 1 - 2 iş günü işleme ve üretim süresi bekleyin.<\/li><li>Promosyon \/ satış döneminde işlem süremizin 3-5 iş günü sürebileceğini lütfen unutmayın.<\/li><\/ul><p><strong>GÖNDERİM SÜRESİ NE KADAR?<\/strong><\/p><ul><li>Türkiye içerisinde 4-6 iş gününde kapınızda!<\/li><\/ul><p>Kontrolümüz dışında olan durumlar (doğal afetler, tatiller, hava durumu vb.) sevkiyatın ertelenmesine neden olabilir. Çoğu paket zamanında ulaşacak olsa da, taşıyıcılarımızın yaşayabileceği koşullar ve gecikmeler olabilir. Bu nedenle, kesin teslimat süresini garanti etmiyoruz; teslimat sorunu nakliye şirketinin sorumluluğundadır.<\/p>","page":""}},"collapsible_row_iLYdmL":{"type":"collapsible_row","settings":{"heading":"7\/24 müşteri hizmetleri","icon":"chat_bubble","row_content":"<p>Moda Zenovia'da haftanın 7 günü, günün 24 saati her zaman yanınızdayız. Bizimle günün veya gecenin herhangi bir saatinde iletişime geçebilir ve her türlü soru veya ihtiyacınızda size yardımcı olacak özel müşteri hizmetleri ekibimize güvenebilirsiniz. Memnuniyetiniz bizim önceliğimizdir ve sizi desteklemek için buradayız.<br\/><br\/>Bizimle iletişime geçmek için lütfen destek@modazenovia.com adresine e-posta gönderin.<\/p>","page":""}},"collapsible_row_Q9jppY":{"type":"collapsible_row","settings":{"heading":"30 gün iade politikası","icon":"return","row_content":"<p>Siparişinizden memnun değil misiniz? Endişelenmeye gerek yok. Ürününüzü aldıktan sonra iade işlemini başlatmak için 30 gününüz var, e-posta yoluyla bizimle iletişime geçmeniz yeterli, size gerekli iade formunu göndereceğiz. Daha fazla iade politikası bilgisi için iade politikamıza göz atın.<\/p>","page":""}}},"block_order":["collapsible_row_KBQKn3","collapsible_row_6Lw4Kg","collapsible_row_iLYdmL","collapsible_row_Q9jppY"],"custom_css":[".collapsible-content-wrapper-narrow {font-size: 0.8em;}",".accordion {border-bottom: 0.1rem solid rgb(18 18 18) !important;}","h3.accordion__title.inline-richtext.h4 {background-color: rgb(255, 255, 255); color: rgb(0, 0, 0); font-size: 14px; font-weight: 600;}"],"settings":{"caption":"","heading":"","heading_size":"h1","heading_alignment":"center","layout":"none","color_scheme":"","container_color_scheme":"","open_first_collapsible_row":false,"image_ratio":"adapt","desktop_layout":"image_second","padding_top":0,"padding_bottom":36}},"custom_liquid_eejkbY":{"type":"custom-liquid","settings":{"custom_liquid":"<div class=\"dropdown-content\">\n        <table>\n            <thead>\n                <tr>\n                    <th>Beden<\/th>\n                    <th>Beden<\/th>\n                    <th>Göğüs<\/th>\n                    <th>Bel<\/th>\n                    <th>Kalça<\/th>\n                <\/tr>\n            <\/thead>\n            <tbody>\n                <tr>\n                    <td>XS<\/td>\n                    <td>34<\/td>\n                    <td>81-84<\/td>\n                    <td>61-64<\/td>\n                    <td>86-91<\/td>\n                <\/tr>\n                <tr>\n                    <td>S<\/td>\n                    <td>36<\/td>\n                    <td>84-89<\/td>\n                    <td>64-69<\/td>\n                    <td>91-96<\/td>\n                <\/tr>\n                <tr>\n                    <td>M<\/td>\n                    <td>38<\/td>\n                    <td>89-94<\/td>\n                    <td>69-74<\/td>\n                    <td>96-101<\/td>\n                <\/tr>\n                <tr>\n                    <td>L<\/td>\n                    <td>40<\/td>\n                    <td>94-101<\/td>\n                    <td>74-81<\/td>\n                    <td>101-109<\/td>\n                <\/tr>\n                <tr>\n                    <td>XL<\/td>\n                    <td>42-44<\/td>\n                    <td>101-106<\/td>\n                    <td>81-89<\/td>\n                    <td>109-117<\/td>\n                <\/tr>\n            <\/tbody>\n        <\/table>\n    <\/div>\n<\/div>\n\n<style>\n    .dropdown-btn {\n        background-color: #f1f1f1;\n        border: none;\n        cursor: pointer;\n        padding: 10px;\n        width: 100%;\n        text-align: left;\n        outline: none;\n        position: relative;\n        font-size: 16px;\n        display: flex;\n        justify-content: space-between;\n        align-items: center;\n    }\n\n    .dropdown-btn .icon-caret {\n        width: 10px;\n        height: 6px;\n        margin-left: auto;\n        transition: transform 0.3s ease;\n    }\n\n    .dropdown-btn.active .icon-caret {\n        transform: rotate(-180deg);\n    }\n\n    .dropdown-content {\n        display: none;\n        overflow: hidden;\n    }\n\n    .dropdown-btn.active + .dropdown-content {\n        display: block;\n    }\n\n    table {\n        width: 100%;\n        border-collapse: collapse;\n        margin-top: 10px;\n    }\n\n    th, td {\n        border: 1px solid #ddd;\n        padding: 8px;\n        text-align: center;\n    }\n\n    th {\n        background-color: #f2f2f2;\n    }\n<\/style>\n\n<script>\n    var dropdownBtn = document.querySelector(\".dropdown-btn\");\n    dropdownBtn.addEventListener(\"click\", function() {\n        this.classList.toggle(\"active\");\n        var content = this.nextElementSibling;\n        if (content.style.display === \"block\") {\n            content.style.display = \"none\";\n        } else {\n            content.style.display = \"block\";\n        }\n    });\n<\/script>","color_scheme":"","padding_top":0,"padding_bottom":0}}},"order":["main","related-products","rich_text_MXbkgy","slideshow_HPnXK8","custom_liquid_4MVtqN","featured_collection_N7dwMh","featured_collection_MF4YMk","collapsible_content_ndd6mJ","custom_liquid_eejkbY"]}