{"sections":{"main":{"type":"main-product","blocks":{"title":{"type":"title","settings":{}},"price":{"type":"price","settings":{}},"variant_picker":{"type":"variant_picker","settings":{"picker_type":"button","swatch_shape":"none"}},"custom_liquid_zUpPiW":{"type":"custom_liquid","settings":{"custom_liquid":"<button class=\"size-chart-button\" onclick=\"openModal()\">Beden Tablosu<\/button>"}},"buy_buttons":{"type":"buy_buttons","settings":{"show_dynamic_checkout":false,"show_gift_card_recipient":false}},"description_NiTKVk":{"type":"description","disabled":true,"settings":{}},"custom_liquid_FNxcHc":{"type":"custom_liquid","settings":{"custom_liquid":"<div class=\"product-features\">\n  <ul>\n    <li style=\"font-size: 0.80em;\">\n      <img src=\"https:\/\/img.icons8.com\/ios-filled\/50\/008000\/free-shipping.png\" alt=\"Free Shipping Icon\" width=\"20\" height=\"20\">\n      Tüm ürünlerde ücretsiz kargo\n    <\/li>\n    <li style=\"font-size: 0.80em;\">\n      <img src=\"https:\/\/img.icons8.com\/ios-filled\/50\/008000\/return.png\" alt=\"Return Icon\" width=\"20\" height=\"20\">\n      30 gün iade hakkı\n    <\/li>\n    <li style=\"font-size: 0.80em;\">\n      <img src=\"https:\/\/img.icons8.com\/ios-filled\/50\/008000\/shield.png\" alt=\"Secure Shopping Icon\" width=\"20\" height=\"20\">\n      Güvenli alışveriş\n    <\/li>\n  <\/ul>\n  <p class=\"discount\" style=\"font-size: 0.80em;\">\n    {% if product.compare_at_price > product.price %}\n      {% assign discount_amount = product.compare_at_price | minus: product.price %}\n      Bu üründe ay sonuna kadar {{ discount_amount | money }} İndirim\n    {% endif %}\n  <\/p>\n  <hr class=\"divider\">\n  <div class=\"policies\">\n    <ul class=\"policy-list\">\n      <li>Güvenli ödeme<\/li>\n      <li>Gizlilik kuralları<\/li>\n    <\/ul>\n    <ul class=\"policy-list\">\n      <li>Güvenli kargo<\/li>\n      <li>Müşteri hizmetleri<\/li>\n    <\/ul>\n  <\/div>\n<\/div>\n\n<style>\n.product-features ul {\n  list-style-type: none;\n  padding: 0;\n}\n.product-features li {\n  display: flex;\n  align-items: center;\n  margin-bottom: 10px;\n}\n.product-features li img {\n  margin-right: 10px;\n}\n.product-features .discount {\n  color: red;\n  font-weight: bold;\n  margin-top: 20px;\n  display: flex;\n  justify-content: space-between;\n  align-items: center;\n}\n.product-features .divider {\n  border: 0;\n  border-top: 1px solid #ccc;\n  margin: 20px 0;\n}\n.product-features .policies {\n  display: flex;\n  flex-wrap: wrap;\n}\n.product-features .policies ul {\n  list-style-type: none;\n  padding: 0;\n  width: 50%;\n}\n.product-features .policies li {\n  display: flex;\n  align-items: center;\n  margin-bottom: 5px;\n  justify-content: flex-start;\n}\n.product-features .policies li::before {\n  content: '•';\n  color: green;\n  margin-right: 5px;\n}\n@media (max-width: 768px) {\n  .policy-list {\n    display: none;\n  }\n}\n<\/style>"}}},"block_order":["title","price","variant_picker","custom_liquid_zUpPiW","buy_buttons","description_NiTKVk","custom_liquid_FNxcHc"],"custom_css":[".product__tax {display: none !important;}","span.price-item.price-item--sale.price-item--last {color: red; font-weight: bold; font-size: 14px;}",".price__sale {display: flex !important; flex-direction: row-reverse !important; align-items: center;}",".slider-buttons.quick-add-hidden {margin-top: -20px;}","h1 {font-size: 16px;}","span.badge {background-color: red !important;}"],"settings":{"enable_sticky_info":true,"color_scheme":"scheme-1","enable_timeline_kargo":true,"timeline_kargo_day":1,"media_size":"small","constrain_to_viewport":true,"media_fit":"contain","gallery_layout":"thumbnail_slider","media_position":"left","image_zoom":"none","mobile_thumbnails":"hide","hide_variants":true,"enable_video_looping":false,"padding_top":12,"padding_bottom":12}},"related-products":{"type":"related-products","disabled":true,"settings":{"heading":"You may also like","heading_size":"h2","products_to_show":4,"columns_desktop":4,"color_scheme":"scheme-1","image_ratio":"square","image_shape":"default","show_secondary_image":true,"show_vendor":false,"show_rating":false,"columns_mobile":"2","padding_top":36,"padding_bottom":28}},"custom_liquid_4MVtqN":{"type":"custom-liquid","custom_css":["h2 {font-family: \"Montserrat\", \"Lato\"; font-size: 21px; font-weight: 800;}"],"settings":{"custom_liquid":"<div class=\"discount-opportunity\">\n  <h2>SEPETTE İNDİRİM FIRSATI<\/h2>\n  <table class=\"discount-table\">\n    <thead>\n      <tr>\n        <th>SEPET TUTARI<\/th>\n        <th>Sepette 10% İndirim<\/th>\n        <th>Sepette 20% İndirim<\/th>\n        <th>Sepette 30% İndirim<\/th>\n      <\/tr>\n    <\/thead>\n    <tbody>\n      <tr>\n        <td>5.000₺ ve üzeri<\/td>\n        <td><span class=\"check\">&#10003;<\/span><\/td>\n        <td><span class=\"cross\">&#10007;<\/span><\/td>\n        <td><span class=\"cross\">&#10007;<\/span><\/td>\n      <\/tr>\n      <tr>\n        <td>10.000₺ ve üzeri<\/td>\n        <td><span class=\"cross\">&#10007;<\/span><\/td>\n        <td><span class=\"check\">&#10003;<\/span><\/td>\n        <td><span class=\"cross\">&#10007;<\/span><\/td>\n      <\/tr>\n      <tr>\n        <td>20.000₺ ve üzeri<\/td>\n        <td><span class=\"cross\">&#10007;<\/span><\/td>\n        <td><span class=\"cross\">&#10007;<\/span><\/td>\n        <td><span class=\"check\">&#10003;<\/span><\/td>\n      <\/tr>\n    <\/tbody>\n  <\/table>\n<\/div>\n<style>\n.discount-opportunity {\n  width: 100%;\n  text-align: center;\n  padding: 10px;\n}\n\nh2 {\n  font-size: 1.3em;\n  text-align: center;\n  font-weight: 1000;\n\n}\n.discount-table {\n  width: 100%;\n  border-collapse: collapse;\n}\n\n.discount-table th,\n.discount-table td {\n    border: 1px solid #ddd;\n    padding: 8px;\n    font-size: 0.80em;\n    font-weight: bold;\n}\n\n.discount-table th {\n  background-color: #f4f4f4;\n  font-weight: bold;\n}\n\n.discount-table td {\n  text-align: center;\n}\n\n.check {\n  color: green;\n}\n\n.cross {\n  color: red;\n}\n\n<\/style>\n<style>.section-template--15072625819781__custom_liquid_4MVtqN-padding {\n    display: flex;\n    justify-content: center;\n    align-items: center;\n}<\/style>","color_scheme":"","padding_top":0,"padding_bottom":0}},"featured_collection_N7dwMh":{"type":"featured-collection","custom_css":["h2 {font-family: \"Montserrat\", \"Lato\"; font-size: 23px; font-weight: 700;}","span.price-item.price-item--sale.price-item--last {color: red; font-weight: bold; font-size: 10px; margin-right: 10px;}",".price__sale {display: flex !important; flex-direction: row; flex-wrap: nowrap; align-items: flex-end;}",".badge.badge--bottom-left.color-scheme-4 {border-radius: 0 !important;}",".card__badge.top.left {display: none !important;}","s.price-item.price-item--regular {font-size: 10px !important;}"],"settings":{"title":"EN ÇOK SATANLARIMIZI KEŞFEDİN","heading_size":"h1","description":"","show_description":false,"description_style":"body","collection":"temmuz-ayi-en-cok-tercih-edilenler","products_to_show":8,"columns_desktop":4,"full_width":false,"show_view_all":true,"view_all_style":"solid","enable_desktop_slider":false,"color_scheme":"","image_ratio":"square","image_shape":"default","show_secondary_image":false,"show_vendor":false,"show_rating":false,"quick_add":"none","columns_mobile":"2","swipe_on_mobile":false,"padding_top":16,"padding_bottom":0}},"featured_collection_MF4YMk":{"type":"featured-collection","custom_css":["h2 {font-family: \"Montserrat\", \"Lato\"; font-size: 23px; font-weight: 700;}","span.price-item.price-item--sale.price-item--last {color: red; font-weight: bold; font-size: 10px; margin-right: 10px;}",".price__sale {display: flex !important; flex-direction: row; flex-wrap: nowrap; align-items: flex-end;}",".badge.badge--bottom-left.color-scheme-4 {border-radius: 0 !important;}",".card__badge.top.left {display: none !important;}","s.price-item.price-item--regular {font-size: 10px !important;}"],"settings":{"title":"Ziyaretçiler bunları da beğendi","heading_size":"h1","description":"","show_description":false,"description_style":"body","collection":"cantalar","products_to_show":8,"columns_desktop":4,"full_width":false,"show_view_all":true,"view_all_style":"solid","enable_desktop_slider":false,"color_scheme":"","image_ratio":"square","image_shape":"default","show_secondary_image":false,"show_vendor":false,"show_rating":false,"quick_add":"none","columns_mobile":"2","swipe_on_mobile":true,"padding_top":16,"padding_bottom":0}},"collapsible_content_ndd6mJ":{"type":"collapsible-content","blocks":{"collapsible_row_KBQKn3":{"type":"collapsible_row","settings":{"heading":"Kargomu nasıl takip ederim ?","icon":"truck","row_content":"<p><strong>1. Adım<\/strong><\/p><p>Ekranın sol üstünde bulunan 3 çizgiye basın.<\/p><p><\/p><p><strong>2. Adım<\/strong><\/p><p>Açılan bölümdeki \"Kargo takip\" butonuna basın.<\/p><p><strong>3. Adım<\/strong><\/p><p>Gelen ekranda \"Takip numarası...\" yazan kısma takip numaranızı (başında # olmadan) , e-postanızı veya telefon numaranızı girin.<\/p><p><strong>4. Adım<\/strong><\/p><p>Açılan pencereden kargonuzun hangi durumda olduğunu öğrenin.<\/p>","page":""}},"collapsible_row_6Lw4Kg":{"type":"collapsible_row","settings":{"heading":"Siparişim ne zaman gelecek ?","icon":"stopwatch","row_content":"<ul><li>Siparişinizin gönderilmesi için lütfen 1 - 2 iş günü işleme ve üretim süresi bekleyin.<\/li><li>Promosyon \/ satış döneminde işlem süremizin 3-5 iş günü sürebileceğini lütfen unutmayın.<\/li><\/ul><p><strong>GÖNDERİM SÜRESİ NE KADAR?<\/strong><\/p><ul><li>Türkiye içerisinde 4-6 iş gününde kapınızda!<\/li><\/ul><p>Kontrolümüz dışında olan durumlar (doğal afetler, tatiller, hava durumu vb.) sevkiyatın ertelenmesine neden olabilir. Çoğu paket zamanında ulaşacak olsa da, taşıyıcılarımızın yaşayabileceği koşullar ve gecikmeler olabilir. Bu nedenle, kesin teslimat süresini garanti etmiyoruz; teslimat sorunu nakliye şirketinin sorumluluğundadır.<\/p>","page":""}},"collapsible_row_iLYdmL":{"type":"collapsible_row","settings":{"heading":"7\/24 müşteri hizmetleri","icon":"chat_bubble","row_content":"<p>Moda Zenovia'da haftanın 7 günü, günün 24 saati her zaman yanınızdayız. Bizimle günün veya gecenin herhangi bir saatinde iletişime geçebilir ve her türlü soru veya ihtiyacınızda size yardımcı olacak özel müşteri hizmetleri ekibimize güvenebilirsiniz. Memnuniyetiniz bizim önceliğimizdir ve sizi desteklemek için buradayız.<br\/><br\/>Bizimle iletişime geçmek için lütfen destek@modazenovia.com adresine e-posta gönderin.<\/p>","page":""}},"collapsible_row_Q9jppY":{"type":"collapsible_row","settings":{"heading":"30 gün iade politikası","icon":"return","row_content":"<p>Siparişinizden memnun değil misiniz? Endişelenmeye gerek yok. Ürününüzü aldıktan sonra iade işlemini başlatmak için 30 gününüz var, e-posta yoluyla bizimle iletişime geçmeniz yeterli, size gerekli iade formunu göndereceğiz. Daha fazla iade politikası bilgisi için iade politikamıza göz atın.<\/p>","page":""}}},"block_order":["collapsible_row_KBQKn3","collapsible_row_6Lw4Kg","collapsible_row_iLYdmL","collapsible_row_Q9jppY"],"custom_css":[".collapsible-content-wrapper-narrow {font-size: 0.8em;}",".accordion {border-bottom: 0.1rem solid rgb(18 18 18) !important;}","h3.accordion__title.inline-richtext.h4 {background-color: rgb(255, 255, 255); color: rgb(0, 0, 0); font-size: 14px; font-weight: 600;}"],"settings":{"caption":"","heading":"","heading_size":"h1","heading_alignment":"center","layout":"none","color_scheme":"","container_color_scheme":"","open_first_collapsible_row":false,"image_ratio":"adapt","desktop_layout":"image_second","padding_top":0,"padding_bottom":36}},"custom_liquid_eejkbY":{"type":"custom-liquid","settings":{"custom_liquid":"<div id=\"sizeChartModal\" class=\"size-chart-modal\">\n  <div class=\"size-chart-modal-content\">\n    <span class=\"close\" onclick=\"closeModal()\">&times;<\/span>\n    <h2>Beden Tablosu<\/h2>\n    <table>\n      <thead>\n        <tr>\n          <th>Beden<\/th>\n          <th>Beden<\/th>\n          <th>Göğüs<\/th>\n          <th>Bel<\/th>\n          <th>Kalça<\/th>\n        <\/tr>\n      <\/thead>\n      <tbody>\n        <tr>\n          <td>XS<\/td>\n          <td>34<\/td>\n          <td>81-84<\/td>\n          <td>61-64<\/td>\n          <td>86-91<\/td>\n        <\/tr>\n        <tr>\n          <td>S<\/td>\n          <td>36<\/td>\n          <td>84-89<\/td>\n          <td>64-69<\/td>\n          <td>91-96<\/td>\n        <\/tr>\n        <tr>\n          <td>M<\/td>\n          <td>38<\/td>\n          <td>89-94<\/td>\n          <td>69-74<\/td>\n          <td>96-101<\/td>\n        <\/tr>\n        <tr>\n          <td>L<\/td>\n          <td>40<\/td>\n          <td>94-101<\/td>\n          <td>74-81<\/td>\n          <td>101-109<\/td>\n        <\/tr>\n        <tr>\n          <td>XL<\/td>\n          <td>42-44<\/td>\n          <td>101-106<\/td>\n          <td>81-89<\/td>\n          <td>109-117<\/td>\n        <\/tr>\n      <\/tbody>\n    <\/table>\n  <\/div>\n<\/div>\n<style>\n\/* Buton stili *\/\n.size-chart-button {\n    background-color: black;\n    color: white;\n    border: none;\n    padding: 10px 20px;\n    cursor: pointer;\n    margin: 0 !important;\n}\n\n\/* Popup stil *\/\n.size-chart-modal {\n  display: none; \n  position: fixed; \n  z-index: 1000; \n  left: 0;\n  top: 0;\n  width: 100%; \n  height: 100%; \n  overflow: auto; \n  background-color: rgb(0,0,0); \n  background-color: rgba(0,0,0,0.4); \n}\n\n.size-chart-modal-content {\n  background-color: #fefefe;\n  margin: 15% auto; \n  padding: 20px;\n  border: 1px solid #888;\n  width: 80%; \n  max-width: 600px; \n}\n\n.size-chart-modal-content table {\n  width: 100%;\n  border-collapse: collapse;\n}\n\n.size-chart-modal-content th, .size-chart-modal-content td {\n  border: 1px solid #ddd;\n  padding: 8px;\n  text-align: center;\n}\n\n.size-chart-modal-content th {\n  background-color: #f2f2f2;\n}\n\n\/* Kapatma butonu stil *\/\n.close {\n  color: #aaa;\n  float: right;\n  font-size: 28px;\n  font-weight: bold;\n}\n\n.close:hover,\n.close:focus {\n  color: black;\n  text-decoration: none;\n  cursor: pointer;\n}\n\n\/* Mobil uyumlu stil *\/\n@media screen and (max-width: 600px) {\n  .size-chart-modal-content {\n    margin: 10% auto; \n    width: 95%;\n  }\n}\n\n<\/style>\n<script>\nfunction openModal() {\n  document.getElementById(\"sizeChartModal\").style.display = \"block\";\n}\n\nfunction closeModal() {\n  document.getElementById(\"sizeChartModal\").style.display = \"none\";\n}\n\nwindow.onclick = function(event) {\n  if (event.target == document.getElementById(\"sizeChartModal\")) {\n    closeModal();\n  }\n}\n\n<\/script>\n<link rel=\"stylesheet\" href=\"https:\/\/cdnjs.cloudflare.com\/ajax\/libs\/font-awesome\/5.15.4\/css\/all.min.css\">\n\n<div class=\"contact-section\" style=\"font-family: 'Montserrat', 'Lato', sans-serif;\">\n  <div class=\"contact-info\">\n      <h3>İletişim bilgileri<\/h3>\n      <p><i class=\"fas fa-map-marker-alt\"><\/i> Beşiktaş, İstanbul<\/p>\n      <p><i class=\"fab fa-instagram\"><\/i> <a href=\"https:\/\/www.instagram.com\/modazenovia\/\">@modazenovia<\/a> - İnstagram Destek Hattı<\/p>\n      <p><i class=\"fas fa-envelope\"><\/i> destek@modazenovia.com<\/p>\n      <p><i class=\"fab fa-whatsapp\"><\/i> <a href=\"https:\/\/wa.me\/message\/JCP3QHB6NQBXP1\">WhatsApp Destek Hattı: +90 535 428 59 87<\/a><\/p>\n  <\/div>\n<\/div> <style>\n.contact-section {\n    width: 100%;\n    display: flex;\n    justify-content: center;\n    background-color: #f9f9f9;\n    padding: 25px;\nfont-size: 1em;\n}\n\n.contact-info {\n    background-color: #fff;\n    padding: 20px;\n    box-shadow: 0 0 10px rgba(0,0,0,0.1);\n    max-width: 400px;\n    width: 100%;\n    text-align: left;\n}\n\n.contact-info h3 {\n    margin-top: 0;\n    font-size: 18px;\nfont-weight: bold;\nmargin-bottom: 0;\n}\n\n.contact-info p {\n    margin: 5px 0;\n}\n\n.contact-info i {\n    margin-right: 10px;\n    color: #000; \/* İkon rengini ayarlayın *\/\n}\n<\/style>","color_scheme":"","padding_top":0,"padding_bottom":0}}},"order":["main","related-products","custom_liquid_4MVtqN","featured_collection_N7dwMh","featured_collection_MF4YMk","collapsible_content_ndd6mJ","custom_liquid_eejkbY"]}