{"sections":{"main":{"type":"main-product","blocks":{"title":{"type":"title","settings":{}},"price":{"type":"price","settings":{}},"variant_picker":{"type":"variant_picker","settings":{"picker_type":"button","swatch_shape":"none"}},"buy_buttons":{"type":"buy_buttons","settings":{"show_dynamic_checkout":false,"show_gift_card_recipient":false}},"collapsible_tab_kDHDk4":{"type":"collapsible_tab","settings":{"heading":"Açıklama","icon":"none","content":"<h5>Ürünlerimiz, kaliteli malzemeler ve özenli işçilikle tasarlanmış olup, şıklığınızı ve konforunuzu en üst düzeyde tutmak için üretilmiştir. Her bir detay, günlük kullanımda rahatlığı sağlarken, aynı zamanda modern ve zarif bir görünüm sunmak amacıyla özenle düşünülmüştür. Tarzınıza değer katacak ve uzun süre dayanıklılığını koruyacak bu ürün, gardırobunuzun vazgeçilmez parçalarından biri olacak.<\/h5>","page":""}},"collapsible_tab_CqRYH8":{"type":"collapsible_tab","settings":{"heading":"Bakım Rehberi","icon":"none","content":"<h5>30°C’de benzer renklerle yıkayın, baskılı ise ters çevirin.  <\/h5><h5>Düşük ısıda, iç yüzünden ütüleyin.<\/h5>","page":""}},"description":{"type":"description","disabled":true,"settings":{}}},"block_order":["title","price","variant_picker","buy_buttons","collapsible_tab_kDHDk4","collapsible_tab_CqRYH8","description"],"custom_css":[".accordion {margin-top: 0rem !important; border-bottom: 0.1rem solid rgb(0 0 0) !important;}"],"settings":{"enable_sticky_info":true,"color_scheme":"scheme-1","media_size":"large","constrain_to_viewport":true,"media_fit":"cover","gallery_layout":"thumbnail_slider","media_position":"left","image_zoom":"none","mobile_thumbnails":"hide","hide_variants":true,"enable_video_looping":false,"padding_top":0,"padding_bottom":12}},"related-products":{"type":"related-products","disabled":true,"settings":{"heading":"You may also like","heading_size":"h2","products_to_show":4,"columns_desktop":4,"color_scheme":"scheme-1","image_ratio":"square","image_shape":"default","show_secondary_image":true,"show_vendor":false,"show_rating":false,"columns_mobile":"2","padding_top":36,"padding_bottom":28}},"featured_collection_qwNkNR":{"type":"featured-collection","custom_css":[".badge.badge--bottom-left.color-scheme-4 {border-radius: 0 !important;}",".card__badge.top.left {display: none !important;}","s.price-item.price-item--regular {font-size: 10px !important;}","h2 {text-align: center;}"],"settings":{"title":"<strong>En Çok Satanlarımızı Keşfedin<\/strong>","heading_size":"h2","description":"","show_description":false,"description_style":"body","collection":"bebek-kiyafetleri-6-12-ay","products_to_show":16,"columns_desktop":4,"full_width":false,"show_view_all":false,"view_all_style":"solid","enable_desktop_slider":false,"color_scheme":"","image_ratio":"portrait","image_shape":"default","show_secondary_image":false,"show_vendor":false,"show_rating":false,"quick_add":"none","columns_mobile":"2","swipe_on_mobile":true,"padding_top":0,"padding_bottom":0}},"collapsible_content_UPhNXn":{"type":"collapsible-content","blocks":{"collapsible_row_THQELm":{"type":"collapsible_row","settings":{"heading":"Kargo Takibini Nasıl Yapabilirim?","icon":"truck","row_content":"<p>Siparişiniz gönderildiğinde size takip bilgileri içeren bir e-posta göndereceğiz. Bu e-postada yer alan bağlantıya tıklayarak kargonuzun durumunu anlık olarak görüntüleyebilirsiniz. Takip numaranız ile sitemizdeki \"Sipariş Takibi\" bölümünden de kargonuzun güncel durumunu kontrol edebilirsiniz.<\/p>","page":""}},"collapsible_row_xEH7jz":{"type":"collapsible_row","settings":{"heading":"Siparişim Hangi Sürede Teslim Edilecek?","icon":"stopwatch","row_content":"<p>Siparişlerinizi hazırlayıp göndermemiz için ortalama 1-3 iş günü gerekmektedir. Türkiye içindeki adresler için standart teslimat süremiz ise 7-9 iş günüdür. Tatil dönemleri veya promosyon kampanyaları gibi yoğun zamanlarda bu süre uzayabilir. Olası gecikmelerde size bilgi vereceğiz.<\/p>","page":""}},"collapsible_row_d96qRM":{"type":"collapsible_row","settings":{"heading":"Ürün İade ve Değişim Politikası Nedir?","icon":"return","row_content":"<p>Üründen memnun kalmazsanız, teslim aldıktan sonra 14 gün içinde iade veya değişim başvurusunda bulunabilirsiniz. İade veya değişim sürecini başlatmak için bizimle iletişime geçmeniz yeterlidir. Gerekli talimatlar tarafınıza e-posta ile iletilecektir.<\/p>","page":""}},"collapsible_row_q83hcG":{"type":"collapsible_row","settings":{"heading":"Müşteri Destek Ekibinizle Nasıl İletişime Geçebilirim?","icon":"chat_bubble","row_content":"<p>Haftanın her günü, günün her saati destek ekibimiz size yardımcı olmaya hazır. Bizimle iletişime geçmek için <a>destek@bizimsitemiz.com<\/a> adresine e-posta gönderebilir veya +90 555 123 4567 numaralı WhatsApp hattımızdan mesaj gönderebilirsiniz. Müşteri memnuniyeti bizim için önceliklidir, tüm sorularınız için buradayız.<\/p>","page":""}}},"block_order":["collapsible_row_THQELm","collapsible_row_xEH7jz","collapsible_row_d96qRM","collapsible_row_q83hcG"],"settings":{"caption":"","heading":"<strong>Sıkça Sorulan Sorular<\/strong>","heading_size":"h2","heading_alignment":"center","layout":"none","color_scheme":"","container_color_scheme":"","open_first_collapsible_row":false,"image_ratio":"adapt","desktop_layout":"image_second","padding_top":0,"padding_bottom":36}}},"order":["main","related-products","featured_collection_qwNkNR","collapsible_content_UPhNXn"]}