{"name":"t:sections.footer.name","type":"footer","sections":{"footer":{"type":"footer","blocks":{"24f208fd-0898-43eb-af23-d74f8420ab37":{"type":"email_signup","settings":{"heading":"","subtext":"<p>Bize katıl anında <strong>%10 İNDİRİM<\/strong> kazan!<\/p>","button_type":"solid","button_label":"Ücretsiz Kayıt Ol","button_style_secondary":false,"width_desktop":6,"width_mobile":"2"}},"text_RU3DNg":{"type":"text","settings":{"heading":"Politikalarımız","subtext":"<p><a href=\"\/policies\/contact-information\" title=\"\/policies\/contact-information\"><strong>İletişim<\/strong><\/a><\/p><p><a href=\"\/policies\/privacy-policy\" title=\"\/policies\/privacy-policy\"><strong>Gizlilik Politikası<\/strong><\/a><\/p><p><a href=\"\/policies\/refund-policy\" title=\"\/policies\/refund-policy\"><strong>Para İade Politikası<\/strong><\/a><\/p><p><a href=\"\/policies\/shipping-policy\" title=\"\/policies\/shipping-policy\"><strong>Gönderim&Kargo Politikası<\/strong><\/a><\/p><p><a href=\"\/policies\/terms-of-service\" title=\"\/policies\/terms-of-service\"><strong>Hizmet Şartları<\/strong><\/a><\/p>","width_desktop":3,"width_mobile":"2"}},"text_48VJTk":{"type":"text","settings":{"heading":"Menü","subtext":"<p><a href=\"\/\" title=\"\/\"><strong>Ana Sayfa <\/strong><\/a><strong><br\/><\/strong><\/p><p><strong>RoasellTM Saç Tozu(ürün bağlantısı)<br\/><\/strong><\/p><p><strong>RoasellTM Saç Jeli(ürün bağlantısı)<br\/><\/strong><\/p><p><strong>RoasellTM Kepek Karşıtı Toz(ürün bağlantısı)<\/strong><\/p>","width_desktop":3,"width_mobile":"2"}}},"block_order":["24f208fd-0898-43eb-af23-d74f8420ab37","text_RU3DNg","text_48VJTk"],"settings":{"color_scheme":"accent-1","enable_follow_on_shop":false,"show_social":false,"enable_country_selector":false,"enable_language_selector":true,"payment_enable":true,"show_policy":false,"branding_text":"Tüm hakları saklıdır.","margin_top":0,"padding_top":32,"padding_bottom":20}}},"order":["footer"]}