{"name":"t:sections.header.name","type":"header","sections":{"announcement-bar":{"type":"announcement-bar","blocks":{"announcement-bar-0":{"type":"announcement","settings":{"text":"WELCOME TO OUR STORE!","text_alignment":"center","color_scheme":"accent-1","link":""}}},"block_order":["announcement-bar-0"],"disabled":true,"settings":{}},"header":{"type":"header","settings":{"sticky_header_type":"on-scroll-up","show_line_separator":true,"color_scheme":"background-1","logo_position":"middle-center","menu":"main-menu","highlight_active_link":true,"highlighted_link_color_scheme":"accent-1","mobile_menu_title":"Menü","secondary_menu":"","menu_color_scheme":"background-1","mobile_logo_position":"center","margin_bottom":0,"padding_top":20,"padding_bottom":20}}},"order":["announcement-bar","header"]}