{"sections":{"slideshow_eg9b8d":{"type":"slideshow","blocks":{"slide_cpzYFn":{"type":"slide","settings":{"image":"shopify:\/\/shop_images\/Gemini_Generated_Image_inqey2inqey2inqe.png","heading":"","heading_size":"h1","subheading":"","button_label":"Şimdi Keşfet!","link":"shopify:\/\/products\/2025-spring-summer-knit-vest","button_style_secondary":false,"box_align":"middle-center","show_text_box":false,"text_alignment":"center","image_overlay_opacity":40,"color_scheme":"background-1","text_alignment_mobile":"center"}}},"block_order":["slide_cpzYFn"],"settings":{"layout":"full_bleed","slide_height":"adapt_image","slider_visual":"dots","auto_rotate":false,"change_slides_speed":5,"show_text_below":false,"accessibility_info":"Slideshow about our brand"}},"d8b7c7f2-8a7b-486d-b2c1-184eea98110d":{"type":"horizontal-ticker","blocks":{"template--18472095940937__d8b7c7f2-8a7b-486d-b2c1-184eea98110d-1679864525e35c34e4-0":{"type":"text","settings":{"title":"Seyreklik İçin Tek Çözüm ✅"}},"template--18472095940937__d8b7c7f2-8a7b-486d-b2c1-184eea98110d-1679864525e35c34e4-1":{"type":"text","settings":{"title":"24 Saat Kalıcı ⏰"}},"template--18472095940937__d8b7c7f2-8a7b-486d-b2c1-184eea98110d-1679864525e35c34e4-2":{"type":"text","settings":{"title":"Sıfır Kalıntı 👌"}}},"block_order":["template--18472095940937__d8b7c7f2-8a7b-486d-b2c1-184eea98110d-1679864525e35c34e4-0","template--18472095940937__d8b7c7f2-8a7b-486d-b2c1-184eea98110d-1679864525e35c34e4-1","template--18472095940937__d8b7c7f2-8a7b-486d-b2c1-184eea98110d-1679864525e35c34e4-2"],"settings":{"speed":3,"text_spacing":3,"text_size":"1.75","italic_text":false,"uppercase_text":false,"bold_text":true,"color_scheme":"accent-1","padding_top":16,"padding_bottom":16}},"image_slider_jhtKgf":{"type":"image-slider","blocks":{"video_slide_8Ay8tx":{"type":"video_slide","settings":{"video_src":"","loop":true,"muted_autoplay":true,"btn_color_scheme":"accent-1","btn_animation":false,"description":"","desc_alignment":"center","desc_color_scheme":"background-2"}},"video_slide_ApJAQh":{"type":"video_slide","settings":{"video_src":"","loop":true,"muted_autoplay":true,"btn_color_scheme":"accent-1","btn_animation":false,"description":"","desc_alignment":"center","desc_color_scheme":"background-2"}},"video_slide_iYUTF3":{"type":"video_slide","settings":{"video_src":"","loop":true,"muted_autoplay":true,"btn_color_scheme":"accent-1","btn_animation":false,"description":"","desc_alignment":"center","desc_color_scheme":"background-2"}},"video_slide_Mjz37w":{"type":"video_slide","settings":{"video_src":"","loop":true,"muted_autoplay":true,"btn_color_scheme":"accent-1","btn_animation":false,"description":"","desc_alignment":"center","desc_color_scheme":"background-2"}}},"block_order":["video_slide_8Ay8tx","video_slide_ApJAQh","video_slide_iYUTF3","video_slide_Mjz37w"],"name":"Image\/Video Slider","settings":{"title":"Sosyal Medyada Biz","heading_size":"h2","color_scheme":"background-1","border_radius":0,"direction":"horizontal","full_page":false,"infinite":true,"autoplay":false,"autoplay_speed":5,"center_mode":false,"enable_fade":false,"enable_adaptive_height":false,"show_arrows":true,"arrows_color_scheme":"inverse","show_dots":true,"slides_desktop":3,"desktop_spacing":28,"slides_mobile":2,"mobile_spacing":12,"padding_top":12,"padding_bottom":0}},"results_FUMxER":{"type":"results","blocks":{"row_KbNrxj":{"type":"row","name":"Sonuç 1","settings":{"percentage":95,"row_text":"<p>Kullanıcımız saç tozunu kullandıktan sonra saçlarının daha kalın ve hacimli göründüğünü fark etti.<\/p>"}},"row_x48dwF":{"type":"row","name":"Sonuç 2","settings":{"percentage":88,"row_text":"<p>Saç tozunun seyrek saç görünümünü başarıyla kapattığını belirtti.<\/p>"}},"row_p3cnHp":{"type":"row","name":"Sonuç 3","settings":{"percentage":84,"row_text":"<p>Oranında kullanıcı, saç tozunun doğal bir görünüm sağladığını düşünüyor<\/p>"}},"row_gE4pk6":{"type":"row","name":"Sonuç 4","settings":{"percentage":91,"row_text":"<p>Saç tozunu arkadaşlarına ve ailesine tavsiye edeceğini söyledi<\/p>"}},"row_ChC9DF":{"type":"row","name":"Sonuç 5","settings":{"percentage":89,"row_text":"<p>Kullanıcımız saç tozu sayesinde daha özgüvenli hissettiğini söyledi<\/p>"}}},"block_order":["row_KbNrxj","row_x48dwF","row_p3cnHp","row_gE4pk6","row_ChC9DF"],"name":"Results","settings":{"title":"+20.000 Mutlu Kullanıcı","heading_size":"h2","text":"","color_scheme":"background-1","layout":"results_second","results_headline":"","results_headline_size":"h2","results_headline_alignment":"left","caption":"","button_label":"","link":"","button_style_secondary":false,"padding_top":36,"padding_bottom":36}},"image_with_text_qDXg8V":{"type":"image-with-text","blocks":{"heading_wtHh8g":{"type":"heading","settings":{"heading":"Biz Kimiz?","heading_size":"h2"}},"text_D8tPRX":{"type":"text","settings":{"text":"<p><strong>Roasell<\/strong> olarak, 2022 yılından beri on binlerce kadın ve erkek müşterimize saç bakımı konusunda güvenilir ve etkili çözümler sunan öncü bir markayız. Saç dökülmesi ve seyrek saç görünümü gibi hassas konularda, kullanıcılarımızın yaşam kalitesini artırmayı ve onlara yeniden özgüven kazandırmayı hedefliyoruz.<\/p><p>Kurulduğumuz günden bu yana, müşteri memnuniyetini en üst düzeyde tutarak ve sürekli yenilikçi ürünler geliştirerek sektördeki yerimizi sağlamlaştırdık. Roasell Saç Tozu gibi yenilikçi ürünlerimizle, anında etkili ve doğal görünümlü sonuçlar sunarken, pratik kullanım deneyimini de ön planda tutuyoruz<\/p>","text_style":"body"}},"button_NbXArP":{"type":"button","settings":{"button_label":"Şimdi Keşfet","button_link":""}}},"block_order":["heading_wtHh8g","text_D8tPRX","button_NbXArP"],"name":"t:sections.image-with-text.presets.name","settings":{"image":"shopify:\/\/shop_images\/Gemini_Generated_Image_hxmco8hxmco8hxmc.png","height":"large","desktop_image_width":"medium","layout":"image_first","desktop_content_position":"middle","desktop_content_alignment":"center","content_layout":"no-overlap","color_scheme":"background-1","section_color_scheme":"background-1","mobile_content_alignment":"center","padding_top":0,"padding_bottom":0}},"c65117da-b894-43a0-8d4d-7bd214ab10a9":{"type":"testimonials","blocks":{"template--18472095940937__c65117da-b894-43a0-8d4d-7bd214ab10a9-16798646670717cf42-0":{"type":"column","settings":{"title":"Özgüvenim geri geldi","text":"<p>Roasell ile saçlarımdaki seyrek görünüm tamamen kayboldu, anında daha gür duruyor. Kimse fark etmiyor, kendime olan güvenim geri geldi. Kesinlikle tavsiye ederim.<\/p>","author_avatar":"shopify:\/\/shop_images\/Gemini_Generated_Image_hxmco8hxmco8hxmc.png","author":"Adnan Yılmaz (62)"}},"template--18472095940937__c65117da-b894-43a0-8d4d-7bd214ab10a9-16798646670717cf42-1":{"type":"column","settings":{"title":"İnce saçlara mükemmel","text":"<p>Saçlarım inceldiği için çok üzülüyordum ama Roasell kurtarıcım oldu! Uygulaması çok pratik, anında gür gösteriyor ve akmıyor. Fotoğraflarda bile fark ediliyor, bayıldım!<\/p>","author_avatar":"shopify:\/\/shop_images\/Gemini_Generated_Image_hxmco8hxmco8hxmc.png","author":"Elif Demir (21)"}},"template--18472095940937__c65117da-b894-43a0-8d4d-7bd214ab10a9-16798646670717cf42-2":{"type":"column","settings":{"title":"Tavsiye Ederim","text":"<p>İşim gereği dış görünüş önemli. Roasell sayesinde saçlarımdaki açılmalar artık dert değil. Anında yoğunluk veriyor ve doğal duruyor. Vazgeçilmezim oldu, iş hayatımdaki özgüvenime de katkısı büyük<\/p>","author_avatar":"shopify:\/\/shop_images\/Gemini_Generated_Image_hxmco8hxmco8hxmc.png","author":"Caner Öztürk (35)"}}},"block_order":["template--18472095940937__c65117da-b894-43a0-8d4d-7bd214ab10a9-16798646670717cf42-0","template--18472095940937__c65117da-b894-43a0-8d4d-7bd214ab10a9-16798646670717cf42-1","template--18472095940937__c65117da-b894-43a0-8d4d-7bd214ab10a9-16798646670717cf42-2"],"settings":{"title":"Kullananlar Ne Diyor?","heading_size":"h2","text":"","image_width":"full","image_ratio":"portrait","columns_desktop":3,"column_alignment":"center","show_stars":true,"show_quotes":false,"background_style":"primary","color_scheme":"background-1","padding_top":0,"padding_bottom":12}},"bb0df407-4b1e-45f0-a6fa-a64b51c078eb":{"type":"icon-bar","blocks":{"template--18472095940937__bb0df407-4b1e-45f0-a6fa-a64b51c078eb-16798645704e6a2246-0":{"type":"column","settings":{"icon":"truck","title":"Ücretsiz Kargo","text":""}},"template--18472095940937__bb0df407-4b1e-45f0-a6fa-a64b51c078eb-16798645704e6a2246-1":{"type":"column","settings":{"icon":"lock","title":"Güvenli Ödeme","text":""}},"template--18472095940937__bb0df407-4b1e-45f0-a6fa-a64b51c078eb-16798645704e6a2246-2":{"type":"column","settings":{"icon":"return","title":"İade Garantisi","text":""}},"template--18472095940937__bb0df407-4b1e-45f0-a6fa-a64b51c078eb-16798645704e6a2246-3":{"type":"column","settings":{"icon":"check_mark","title":"Yüksek Kalite","text":""}}},"block_order":["template--18472095940937__bb0df407-4b1e-45f0-a6fa-a64b51c078eb-16798645704e6a2246-0","template--18472095940937__bb0df407-4b1e-45f0-a6fa-a64b51c078eb-16798645704e6a2246-1","template--18472095940937__bb0df407-4b1e-45f0-a6fa-a64b51c078eb-16798645704e6a2246-2","template--18472095940937__bb0df407-4b1e-45f0-a6fa-a64b51c078eb-16798645704e6a2246-3"],"settings":{"title":"","heading_size":"h1","text":"","icon_size":"medium","columns_desktop":4,"icon_color":"accent-1","background_style":"none","color_scheme":"background-1","columns_mobile":"1","swipe_on_mobile":true,"padding_top":0,"padding_bottom":0}},"collapsible_content_jmqUM7":{"type":"collapsible-content","blocks":{"collapsible_row_andWgn":{"type":"collapsible_row","settings":{"heading":"Roasell Saç Tozu nedir ve nasıl çalışır?","icon":"question_mark","row_content":"<p>Roasell Saç Tozu, doğal keratin liflerinden oluşan özel bir üründür. Seyrek saçlı bölgelere uygulandığında, saç tellerinize statik elektrikle yapışarak saçlarınızın daha dolgun, gür ve doğal görünmesini sağlar. Mikroskobik lifler, kendi saç tellerinizle bütünleşerek seyrek alanları anında kamufle eder<\/p>","page":""}},"collapsible_row_MBBpU7":{"type":"collapsible_row","settings":{"heading":"Suya ve tere dayanıklı mıdır?","icon":"question_mark","row_content":"<p>Evet, Roasell Saç Tozu, hafif yağmur ve tere karşı dayanıklı olacak şekilde formüle edilmiştir. Ancak yoğun su teması (örneğin yüzme veya duş) ürünün etkisini azaltabilir. Ürünü sabitlemek için saç spreyi kullanmanız, dayanıklılığını artıracaktır.<\/p>","page":""}},"collapsible_row_m7PwgA":{"type":"collapsible_row","settings":{"heading":"Yan etkisi var mıdır veya saça zarar verir mi?","icon":"question_mark","row_content":"<p>Roasell Saç Tozu, doğal keratin liflerinden üretilmiştir ve genellikle herhangi bir yan etkiye neden olmaz. Saç derisini tıkamaz veya saç büyümesini engellemez. Dermatolojik olarak test edilmiş ürünümüz, çoğu saç tipi ve hassas ciltler için güvenle kullanılabilir.<br\/><br\/><\/p>","page":""}},"collapsible_row_RntFYw":{"type":"collapsible_row","settings":{"heading":"Bir kutu Roasell Saç Tozu ne kadar süre kullanılır?","icon":"question_mark","row_content":"<p>Bir kutu Roasell Saç Tozu'nun kullanım süresi, kullanım sıklığına ve uygulanan miktara göre değişmekle birlikte, ortalama 1 ay kadar kullanım sağlar. Seyrek alanın büyüklüğüne ve kişisel tercihinize göre bu süre kısalabilir veya uzayabilir.<\/p>","page":""}},"collapsible_row_meUL7G":{"type":"collapsible_row","settings":{"heading":"Roasell Saç Tozu nasıl temizlenir?","icon":"question_mark","row_content":"<p>Roasell Saç Tozu'nu saçlarınızdan çıkarmak oldukça kolaydır. Normal şampuanınızla saçlarınızı yıkayarak, lifleri saçınızdan tamamen arındırabilirsiniz. Tek yıkamada kolayca çıkar.<\/p>","page":""}},"collapsible_row_MKgPga":{"type":"collapsible_row","settings":{"heading":"Siparişim ne zaman teslim edilir ve kargo ücreti var mı?","icon":"question_mark","row_content":"<p>Siparişleriniz genellikle 1-3 iş günü içinde kargoya verilir ve adresinize teslim edilir. Belirli bir sipariş tutarının üzerindeki alışverişlerde kargo ücretsizdir; bu limit ve güncel kargo ücretleri web sitemizin ödeme sayfasında belirtilmektedir.<\/p>","page":""}},"collapsible_row_UUBVti":{"type":"collapsible_row","settings":{"heading":"Ürününüzün herhangi bir garantisi var mı?","icon":"question_mark","row_content":"<p>Roasell Saç Tozu, kalite standartlarına uygun olarak üretilmektedir. Üretim kaynaklı bir hata veya deformasyon durumunda ürünümüz garanti kapsamındadır. Kullanım kaynaklı olmayan sorunlarda değişim veya iade hakkınız bulunmaktadır. Güvenliğiniz ve memnuniyetiniz için tüm ürünlerimiz gerekli testlerden geçirilmiştir.<\/p>","page":""}},"collapsible_row_cq3cKT":{"type":"collapsible_row","settings":{"heading":"Roasell Saç Tozu'nda iade veya değişim imkanı var mı?","icon":"question_mark","row_content":"<p>Müşteri memnuniyeti bizim için önceliktir. Satın aldığınız üründen memnun kalmamanız durumunda, kullanılmamış ve paketi açılmamış ürünleri fatura tarihinden itibaren 14 gün içinde iade edebilir veya değişim talep edebilirsiniz. Detaylı iade koşulları için lütfen web sitemizdeki İade Politikası sayfamızı ziyaret edin.<\/p><p><\/p>","page":""}}},"block_order":["collapsible_row_andWgn","collapsible_row_MBBpU7","collapsible_row_m7PwgA","collapsible_row_RntFYw","collapsible_row_meUL7G","collapsible_row_MKgPga","collapsible_row_UUBVti","collapsible_row_cq3cKT"],"name":"t:sections.collapsible_content.presets.name","settings":{"caption":"","heading":"Sıkça Sorulan Sorular","heading_size":"h2","heading_alignment":"center","layout":"none","color_scheme":"background-1","container_color_scheme":"background-2","open_first_collapsible_row":false,"image_ratio":"adapt","desktop_layout":"image_second","padding_top":16,"padding_bottom":36}}},"order":["slideshow_eg9b8d","d8b7c7f2-8a7b-486d-b2c1-184eea98110d","image_slider_jhtKgf","results_FUMxER","image_with_text_qDXg8V","c65117da-b894-43a0-8d4d-7bd214ab10a9","bb0df407-4b1e-45f0-a6fa-a64b51c078eb","collapsible_content_jmqUM7"]}