{"sections":{"main":{"type":"main-product","blocks":{"c5728eab-5b1d-44e7-8e74-220cfef92c9b":{"type":"urgency","settings":{"urgency":"30 Saniyede Dolgun Saç Etkisi!","color_scheme":"accent-1"}},"title":{"type":"title","settings":{"text_size":"h2","title_alignment":"center","uppercase_title":false}},"text_RibPC9":{"type":"text","settings":{"text":"⭐⭐⭐⭐⭐ (+20.000 Mutlu Kullanıcı)","text_style":"body"}},"price":{"type":"price","settings":{"layout":"price_first"}},"de244682-4323-4802-b4ba-b79b08e0c71d":{"type":"emoji_benefits","settings":{"benefits":"<p><strong>✨ Anında Dolgunluk ve Hacim<\/strong><\/p><p><strong>🚀 Sadece Saniyeler İçinde Uygulama<\/strong><\/p><p><strong>☔ Yağmur ve Neme Karşı Dirençli<\/strong><\/p><p><strong>⏰ Gün Boyu Etkili Kalıcılık<\/strong><\/p><p><strong>🌱 Saç Derisine Dost, Gözenekleri Tıkamaz<\/strong><\/p>"}},"sticky_atc_kVnkDB":{"type":"sticky_atc","settings":{"display_when":"after_scroll","button_label":"Sepete Ekle","show_price":false,"show_price_badge":false,"color_scheme":"accent-2"}},"44f9cdc2-f4bf-466e-87d5-fb765ad4864a":{"type":"variant_picker","settings":{"picker_type":"button","enable_color_swatches":false,"custom_swatch_option_name":"","enable_swatches_custom_colors":false}},"074f248d-8d73-4c8f-a97e-d8e82c5be5fc":{"type":"quantity_selector","settings":{"enable_quantity_discounts":true,"headline":"Bugüne Özel, Aldığın Kadar Hediye!","preselected":"option_1","display_badge":"option_2","badge_text":"En Çok Tercih Edilen","enable_variant_selectors":true,"option_1_quantity":1,"option_1_label":"1 Alana 1 Bedava","option_1_benefit":"","option_1_caption":"Kazanç: 799TL","option_1_discount_type":"none","option_1_percentage_off":0,"option_1_fixed_amount_off":"0","option_2_quantity":2,"option_2_label":"2 Alana 2 Bedava","option_2_benefit":"","option_2_caption":"Kazanç: 2399TL","option_2_discount_type":"none","option_2_percentage_off":0,"option_2_fixed_amount_off":"0","option_3_quantity":0,"option_3_label":"","option_3_benefit":"","option_3_caption":"","option_3_discount_type":"none","option_3_percentage_off":0,"option_3_fixed_amount_off":"0","option_4_quantity":0,"option_4_label":"","option_4_benefit":"","option_4_caption":"","option_4_discount_type":"none","option_4_percentage_off":0,"option_4_fixed_amount_off":"0"}},"buy_buttons":{"type":"buy_buttons","settings":{"show_dynamic_checkout":false,"skip_cart":false,"uppercase_text":true}},"98db29ee-a7dc-429e-8129-bf71131627da":{"type":"payment_badges","settings":{}},"icon_with_text_HHJ9LE":{"type":"icon-with-text","settings":{"layout":"horizontal","icon_size":"small","icon_1":"heart","image_1":"shopify:\/\/shop_images\/fast-delivery.webp","heading_1":"Ücretsiz Teslimat","icon_2":"return","image_2":"shopify:\/\/shop_images\/money-back-guarantee.webp","heading_2":"15 Gün İade Garantisi","icon_3":"truck","image_3":"shopify:\/\/shop_images\/quality.webp","heading_3":"En Sevilen Marka"}},"collapsible_tab_XnLyjd":{"type":"collapsible_tab","settings":{"heading":"Saç Tozu Nedir?","icon":"question_mark","content":"<p>Saçınız ve saç derinizle karışarak incelmiş noktaları anında gizleyen renkli bir pudra. Birkaç saniye içinde uygulanır, tüm gün kalıcıdır ve daha dolgun saç görünümü verir. Su, ter ve rüzgara karşı dayanıklı. Şampuan ile yıkandığında da anında çıkar. Telaş yok.<\/p>","page":""}},"collapsible_tab_wFn4Xm":{"type":"collapsible_tab","settings":{"heading":"1 Kutu ne kadar sürede gidiyor?","icon":"question_mark","content":"<p>Saçınız ve saç derinizle karışarak incelmiş noktaları anında gizleyen renkli bir pudra. Birkaç saniye içinde uygulanır, tüm gün kalıcıdır ve daha dolgun saç görünümü verir. Su, ter ve rüzgara karşı dayanıklı. Şampuan ile yıkandığında da anında çıkar. Telaş yok.<\/p>","page":""}},"collapsible_tab_QcXMzX":{"type":"collapsible_tab","settings":{"heading":"Ücretsiz Deneme Fırsatı","icon":"question_mark","content":"<p>Eğer 15 gün içerisinde memnun kalmazsanız iade garantimiz sayesinde kolayca iade sağlayabilirsiniz.<\/p>","page":""}},"149aabfb-9fd8-4472-a633-6032dbe01ed0":{"type":"reviews","settings":{"display_stars":true,"avatar_alignment":"top","author_1":"Mehmet S.","text_1":"<p>Çok pratik. Süngeri kutusu tozu çok kaliteli. Her yere taşıyabiliyorum. Bittikçe tekrar alacağım. Tavsiye ederim.<\/p>","image_1":"shopify:\/\/shop_images\/Gemini_Generated_Image_hxmco8hxmco8hxmc.png","author_2":"Serap K.","text_2":"<p>Kocamın saçları son zamanlarda belirgin şekilde seyrekleşti kendisine hediye olarak bunu aldım birkaç gündür bu ürünü araştırıyordu, benden çok aynaya kendisine bakıyor artık hahaha<\/p>","image_2":"shopify:\/\/shop_images\/Gemini_Generated_Image_hxmco8hxmco8hxmc.png","author_3":"","text_3":"","padding_top":10,"padding_bottom":10}},"description":{"type":"description","disabled":true,"settings":{}}},"block_order":["c5728eab-5b1d-44e7-8e74-220cfef92c9b","title","text_RibPC9","price","de244682-4323-4802-b4ba-b79b08e0c71d","sticky_atc_kVnkDB","44f9cdc2-f4bf-466e-87d5-fb765ad4864a","074f248d-8d73-4c8f-a97e-d8e82c5be5fc","buy_buttons","98db29ee-a7dc-429e-8129-bf71131627da","icon_with_text_HHJ9LE","collapsible_tab_XnLyjd","collapsible_tab_wFn4Xm","collapsible_tab_QcXMzX","149aabfb-9fd8-4472-a633-6032dbe01ed0","description"],"settings":{"enable_sticky_info":true,"media_size":"medium","constrain_to_viewport":true,"media_fit":"contain","gallery_layout":"thumbnail_slider","media_position":"left","image_zoom":"none","mobile_thumbnails":"hide","hide_variants":false,"enable_video_looping":false,"trust_badge_position":"top-right","trust_badge_size":"medium","padding_top":24,"padding_bottom":0}},"related-products":{"type":"related-products","disabled":true,"settings":{"heading":"You may also like","heading_size":"h2","products_to_show":4,"columns_desktop":4,"color_scheme":"background-1","image_ratio":"adapt","show_secondary_image":false,"show_vendor":false,"show_rating":false,"columns_mobile":"2","padding_top":36,"padding_bottom":24}},"image_slider_TxdwxA":{"type":"image-slider","blocks":{"video_slide_iVfKCH":{"type":"video_slide","settings":{"video_src":"https:\/\/cdn.shopify.com\/videos\/c\/o\/v\/f4119d69af824b24961a8f5aacf22965.mp4","loop":true,"muted_autoplay":true,"btn_color_scheme":"accent-1","btn_animation":false,"description":"","desc_alignment":"center","desc_color_scheme":"background-2"}},"video_slide_pLnwzi":{"type":"video_slide","settings":{"video_src":"https:\/\/cdn.shopify.com\/videos\/c\/o\/v\/f4119d69af824b24961a8f5aacf22965.mp4","loop":true,"muted_autoplay":true,"btn_color_scheme":"accent-1","btn_animation":false,"description":"","desc_alignment":"center","desc_color_scheme":"background-2"}},"video_slide_FqxRr9":{"type":"video_slide","settings":{"video_src":"https:\/\/cdn.shopify.com\/videos\/c\/o\/v\/f4119d69af824b24961a8f5aacf22965.mp4","loop":true,"muted_autoplay":true,"btn_color_scheme":"accent-1","btn_animation":false,"description":"","desc_alignment":"center","desc_color_scheme":"background-2"}},"video_slide_WG8daQ":{"type":"video_slide","settings":{"video_src":"https:\/\/cdn.shopify.com\/videos\/c\/o\/v\/f4119d69af824b24961a8f5aacf22965.mp4","loop":true,"muted_autoplay":true,"btn_color_scheme":"accent-1","btn_animation":false,"description":"","desc_alignment":"center","desc_color_scheme":"background-2"}},"video_slide_MVKT6W":{"type":"video_slide","settings":{"video_src":"https:\/\/cdn.shopify.com\/videos\/c\/o\/v\/f4119d69af824b24961a8f5aacf22965.mp4","loop":true,"muted_autoplay":true,"btn_color_scheme":"accent-1","btn_animation":false,"description":"","desc_alignment":"center","desc_color_scheme":"background-2"}},"video_slide_MY9cH8":{"type":"video_slide","settings":{"video_src":"https:\/\/cdn.shopify.com\/videos\/c\/o\/v\/f4119d69af824b24961a8f5aacf22965.mp4","loop":true,"muted_autoplay":true,"btn_color_scheme":"accent-1","btn_animation":false,"description":"","desc_alignment":"center","desc_color_scheme":"background-2"}},"video_slide_jHfjVh":{"type":"video_slide","settings":{"video_src":"https:\/\/cdn.shopify.com\/videos\/c\/o\/v\/f4119d69af824b24961a8f5aacf22965.mp4","loop":true,"muted_autoplay":true,"btn_color_scheme":"accent-1","btn_animation":false,"description":"","desc_alignment":"center","desc_color_scheme":"background-2"}}},"block_order":["video_slide_iVfKCH","video_slide_pLnwzi","video_slide_FqxRr9","video_slide_WG8daQ","video_slide_MVKT6W","video_slide_MY9cH8","video_slide_jHfjVh"],"name":"Video Kaydırmalı","settings":{"title":"Sonuçları Görmek İçin İzle","heading_size":"h2","color_scheme":"background-1","border_radius":0,"direction":"horizontal","full_page":false,"infinite":true,"autoplay":false,"autoplay_speed":1,"center_mode":false,"enable_fade":false,"enable_adaptive_height":false,"show_arrows":true,"arrows_color_scheme":"inverse","show_dots":true,"slides_desktop":3,"desktop_spacing":28,"slides_mobile":2,"mobile_spacing":12,"padding_top":36,"padding_bottom":36}},"image_with_text_btWfmB":{"type":"image-with-text","blocks":{"heading_EegcGG":{"type":"heading","settings":{"heading":"Günlük Kullanım İçin Üretildi","heading_size":"h2"}},"text_CBhBJf":{"type":"text","settings":{"text":"<p>Gününüz size ne getirirse getirsin, taze görünmenizi sağlamak için tasarlanmıştır. <strong>Su geçirmez, sürtünmeye dayanıklıdır <\/strong>ve 48 saate kadar sabit kalır; yağmur, ter veya rüzgara karşı dayanıklı. <strong>%100 doğa<\/strong>l görünen <strong>daha kalın, daha dolgun<\/strong> saçlar elde etmenizi sağlar. En iyi yanı? Birine söylemediğiniz sürece tamamen fark edilmez.<\/p>","text_style":"body"}}},"block_order":["heading_EegcGG","text_CBhBJf"],"name":"t:sections.image-with-text.presets.name","settings":{"image":"shopify:\/\/shop_images\/461e4bcb9e8740bb9d5720b3e99d874c.HD-1080p-3.3Mbps-47894518-ezgif.com-video-to-webp-converter.webp","height":"adapt","desktop_image_width":"medium","layout":"image_first","desktop_content_position":"middle","desktop_content_alignment":"center","content_layout":"no-overlap","color_scheme":"background-1","section_color_scheme":"background-1","mobile_content_alignment":"center","padding_top":36,"padding_bottom":36}},"image_slider_W3jTTE":{"type":"image-slider","blocks":{"image_slide_ikrKkE":{"type":"image_slide","settings":{"image":"shopify:\/\/shop_images\/Ekran_Resmi_2025-05-20_12.24.29.webp","description":"","desc_alignment":"center","desc_color_scheme":"background-2"}},"image_slide_yKeREw":{"type":"image_slide","settings":{"image":"shopify:\/\/shop_images\/Ekran_Resmi_2025-05-20_12.24.29.webp","description":"","desc_alignment":"center","desc_color_scheme":"background-2"}},"image_slide_tCjTXx":{"type":"image_slide","settings":{"image":"shopify:\/\/shop_images\/Ekran_Resmi_2025-05-20_12.24.29.webp","description":"","desc_alignment":"center","desc_color_scheme":"background-2"}},"image_slide_8JfKpe":{"type":"image_slide","settings":{"image":"shopify:\/\/shop_images\/Ekran_Resmi_2025-05-20_12.24.29.webp","description":"","desc_alignment":"center","desc_color_scheme":"background-2"}},"image_slide_gndce6":{"type":"image_slide","settings":{"image":"shopify:\/\/shop_images\/Ekran_Resmi_2025-05-20_12.24.29.webp","description":"","desc_alignment":"center","desc_color_scheme":"background-2"}}},"block_order":["image_slide_ikrKkE","image_slide_yKeREw","image_slide_tCjTXx","image_slide_8JfKpe","image_slide_gndce6"],"name":"Görsel kaydırmalı","settings":{"title":"Saç ekimi, tuhaf haplar yok, sadece anında görebileceğiniz sonuçlar!","heading_size":"h2","color_scheme":"accent-1","border_radius":0,"direction":"horizontal","full_page":false,"infinite":true,"autoplay":false,"autoplay_speed":5,"center_mode":false,"enable_fade":false,"enable_adaptive_height":false,"show_arrows":true,"arrows_color_scheme":"inverse","show_dots":true,"slides_desktop":3,"desktop_spacing":28,"slides_mobile":2,"mobile_spacing":12,"padding_top":36,"padding_bottom":36}},"image_with_text_UTAAtd":{"type":"image-with-text","blocks":{"heading_ACJnQr":{"type":"heading","settings":{"heading":"30 Saniyede Seyrek Bölgeleri Kapat","heading_size":"h2"}},"text_ETrghz":{"type":"text","settings":{"text":"<p>Saç Tozumuz, anında sonuç için mevcut saçınıza yapışan <strong>ultra ince keratin lifleri <\/strong>kullanır. Ön, tepe veya yanlarda incelme olsun — sihir gibi çalışır ve <strong>tüm gün kalır.<\/strong><\/p>","text_style":"body"}}},"block_order":["heading_ACJnQr","text_ETrghz"],"name":"t:sections.image-with-text.presets.name","settings":{"image":"shopify:\/\/shop_images\/461e4bcb9e8740bb9d5720b3e99d874c.HD-1080p-3.3Mbps-47894518-ezgif.com-video-to-webp-converter.webp","height":"adapt","desktop_image_width":"medium","layout":"image_first","desktop_content_position":"middle","desktop_content_alignment":"center","content_layout":"no-overlap","color_scheme":"background-1","section_color_scheme":"background-1","mobile_content_alignment":"center","padding_top":36,"padding_bottom":36}},"comparison_slider_cL8Lpe":{"type":"comparison-slider","name":"Before & After slider","settings":{"title":"Roasell Saç Tozu Etkisi","heading_size":"h2","text":"<p>Günlük kullanıma uygun Roasell Saç Tozu ile özgüvenin azalmasın! Topluluk içindeyken saçlarını saklamaya çalışma. Saç ekimi yaptırmayı beklemek zorunda değilsin.<\/p>","layout":"slider_second","color_scheme":"background-1","before_label":"Öncesi","after_label":"Sonrası","labels_color_scheme":"accent-1","line_color":"background-1","before_image":"shopify:\/\/shop_images\/Ekran_Resmi_2025-05-21_22.12.55.webp","after_image":"shopify:\/\/shop_images\/Ekran_Resmi_2025-05-21_22.12.50.webp","button_label":"","link":"","button_style_secondary":false,"padding_top":0,"padding_bottom":36}},"comparison_table_T9KjBN":{"type":"comparison-table","blocks":{"row_ehJh8R":{"type":"row","settings":{"benefit":"24 Saat Etkili","us":true,"others":false}},"row_THYDB6":{"type":"row","settings":{"benefit":"Anında Sonuç","us":true,"others":false}},"row_mkhm8w":{"type":"row","settings":{"benefit":"Yumuşak Saçlar","us":true,"others":false}},"row_EwMGNc":{"type":"row","settings":{"benefit":"Açıklıklar Kapanır","us":true,"others":false}}},"block_order":["row_ehJh8R","row_THYDB6","row_mkhm8w","row_EwMGNc"],"name":"Comparison table","settings":{"title":"Neden Roasell?","heading_size":"h2","text":"","button_label":"","link":"","button_style_secondary":false,"layout":"table_first","color_scheme":"background-1","logo":"shopify:\/\/shop_images\/roasell-brand-preview_0e1c19c1-e967-4b98-8094-3e0908fc983a.svg","logo_width":95,"us_label":"","others_label":"Diğerleri","benefit_color_scheme":"accent-1","checkmark_color":"#53af01","icon_cells_color_scheme":"background-1","padding_top":36,"padding_bottom":36}},"results_7JjRU7":{"type":"results","blocks":{"row_REGzXT":{"type":"row","name":"Sonuç 1","settings":{"percentage":95,"row_text":"<p>Kullanıcımız saç tozunu kullandıktan sonra saçlarının daha kalın ve hacimli göründüğünü fark etti.<\/p>"}},"row_8Kk8fT":{"type":"row","name":"Sonuç 2","settings":{"percentage":88,"row_text":"<p>Saç tozunun seyrek saç görünümünü başarıyla kapattığını belirtti.<\/p>"}},"row_3GKGhn":{"type":"row","name":"Sonuç 3","settings":{"percentage":84,"row_text":"<p>Oranında kullanıcı, saç tozunun doğal bir görünüm sağladığını düşünüyor<\/p>"}},"row_gMfU9B":{"type":"row","name":"Sonuç 4","settings":{"percentage":91,"row_text":"<p>Saç tozunu arkadaşlarına ve ailesine tavsiye edeceğini söyledi<\/p>"}},"row_rbRpi3":{"type":"row","name":"Sonuç 5","settings":{"percentage":89,"row_text":"<p>Kullanıcımız saç tozu sayesinde daha özgüvenli hissettiğini söyledi<\/p>"}}},"block_order":["row_REGzXT","row_8Kk8fT","row_3GKGhn","row_gMfU9B","row_rbRpi3"],"name":"Results","settings":{"title":"+20.000 Mutlu Kullanıcı","heading_size":"h2","text":"","color_scheme":"background-1","layout":"results_second","results_headline":"","results_headline_size":"h2","results_headline_alignment":"left","caption":"","button_label":"","link":"","button_style_secondary":false,"padding_top":36,"padding_bottom":36}},"collapsible_content_JqBV8i":{"type":"collapsible-content","blocks":{"collapsible_row_ibgX6M":{"type":"collapsible_row","settings":{"heading":"Roasell Saç Tozu nedir ve nasıl çalışır?","icon":"question_mark","row_content":"<p>Roasell Saç Tozu, doğal keratin liflerinden oluşan özel bir üründür. Seyrek saçlı bölgelere uygulandığında, saç tellerinize statik elektrikle yapışarak saçlarınızın daha dolgun, gür ve doğal görünmesini sağlar. Mikroskobik lifler, kendi saç tellerinizle bütünleşerek seyrek alanları anında kamufle eder<\/p>","page":""}},"collapsible_row_X4R6qQ":{"type":"collapsible_row","settings":{"heading":"Suya ve tere dayanıklı mıdır?","icon":"question_mark","row_content":"<p>Evet, Roasell Saç Tozu, hafif yağmur ve tere karşı dayanıklı olacak şekilde formüle edilmiştir. Ancak yoğun su teması (örneğin yüzme veya duş) ürünün etkisini azaltabilir. Ürünü sabitlemek için saç spreyi kullanmanız, dayanıklılığını artıracaktır.<\/p>","page":""}},"collapsible_row_JEj6yW":{"type":"collapsible_row","settings":{"heading":"Yan etkisi var mıdır veya saça zarar verir mi?","icon":"question_mark","row_content":"<p>Roasell Saç Tozu, doğal keratin liflerinden üretilmiştir ve genellikle herhangi bir yan etkiye neden olmaz. Saç derisini tıkamaz veya saç büyümesini engellemez. Dermatolojik olarak test edilmiş ürünümüz, çoğu saç tipi ve hassas ciltler için güvenle kullanılabilir.<br\/><br\/><\/p>","page":""}},"collapsible_row_6RYwqg":{"type":"collapsible_row","settings":{"heading":"Bir kutu Roasell Saç Tozu ne kadar süre kullanılır?","icon":"question_mark","row_content":"<p>Bir kutu Roasell Saç Tozu'nun kullanım süresi, kullanım sıklığına ve uygulanan miktara göre değişmekle birlikte, ortalama 1 ay kadar kullanım sağlar. Seyrek alanın büyüklüğüne ve kişisel tercihinize göre bu süre kısalabilir veya uzayabilir.<\/p>","page":""}},"collapsible_row_HPdqaa":{"type":"collapsible_row","settings":{"heading":"Roasell Saç Tozu nasıl temizlenir?","icon":"question_mark","row_content":"<p>Roasell Saç Tozu'nu saçlarınızdan çıkarmak oldukça kolaydır. Normal şampuanınızla saçlarınızı yıkayarak, lifleri saçınızdan tamamen arındırabilirsiniz. Tek yıkamada kolayca çıkar.<\/p>","page":""}},"collapsible_row_EEewbE":{"type":"collapsible_row","settings":{"heading":"Siparişim ne zaman teslim edilir ve kargo ücreti var mı?","icon":"question_mark","row_content":"<p>Siparişleriniz genellikle 1-3 iş günü içinde kargoya verilir ve adresinize teslim edilir. Belirli bir sipariş tutarının üzerindeki alışverişlerde kargo ücretsizdir; bu limit ve güncel kargo ücretleri web sitemizin ödeme sayfasında belirtilmektedir.<\/p>","page":""}},"collapsible_row_x4WXiG":{"type":"collapsible_row","settings":{"heading":"Ürününüzün herhangi bir garantisi var mı?","icon":"question_mark","row_content":"<p>Roasell Saç Tozu, kalite standartlarına uygun olarak üretilmektedir. Üretim kaynaklı bir hata veya deformasyon durumunda ürünümüz garanti kapsamındadır. Kullanım kaynaklı olmayan sorunlarda değişim veya iade hakkınız bulunmaktadır. Güvenliğiniz ve memnuniyetiniz için tüm ürünlerimiz gerekli testlerden geçirilmiştir.<\/p>","page":""}},"collapsible_row_RKRQkN":{"type":"collapsible_row","settings":{"heading":"Roasell Saç Tozu'nda iade veya değişim imkanı var mı?","icon":"question_mark","row_content":"<p>Müşteri memnuniyeti bizim için önceliktir. Satın aldığınız üründen memnun kalmamanız durumunda, kullanılmamış ve paketi açılmamış ürünleri fatura tarihinden itibaren 14 gün içinde iade edebilir veya değişim talep edebilirsiniz. Detaylı iade koşulları için lütfen web sitemizdeki İade Politikası sayfamızı ziyaret edin.<\/p><p><\/p>","page":""}}},"block_order":["collapsible_row_ibgX6M","collapsible_row_X4R6qQ","collapsible_row_JEj6yW","collapsible_row_6RYwqg","collapsible_row_HPdqaa","collapsible_row_EEewbE","collapsible_row_x4WXiG","collapsible_row_RKRQkN"],"name":"t:sections.collapsible_content.presets.name","settings":{"caption":"","heading":"Sıkça Sorulan Sorular","heading_size":"h2","heading_alignment":"center","layout":"none","color_scheme":"background-1","container_color_scheme":"background-2","open_first_collapsible_row":false,"image_ratio":"adapt","desktop_layout":"image_second","padding_top":0,"padding_bottom":36}}},"order":["main","related-products","image_slider_TxdwxA","image_with_text_btWfmB","image_slider_W3jTTE","image_with_text_UTAAtd","comparison_slider_cL8Lpe","comparison_table_T9KjBN","results_7JjRU7","collapsible_content_JqBV8i"]}