{"name":"t:sections.header.name","type":"header","sections":{"announcement-bar":{"type":"announcement-bar","blocks":{"announcement_H4G8W6":{"type":"announcement","settings":{"text":"MEGA EKİM İNDİRİMLERİ","link":""}},"announcement_m9nCjD":{"type":"announcement","settings":{"text":"SONBAHARA ÖZEL 50%'YE VARAN İNDİRİMLER","link":""}}},"block_order":["announcement_H4G8W6","announcement_m9nCjD"],"custom_css":[".utility-bar {height: auto;}",".badge.badge--bottom-left.color-scheme-4 {border-radius: 0;}","button.slider-button.slider-button--prev {display: none !important;}","button.slider-button.slider-button--next {display: none !important;}",".announcement-bar__message {text-align: center; margin: 0; letter-spacing: 0.1rem; min-height: 0; padding: 0.6em; text-transform: uppercase; font-size: 9.1px; font-weight: bold;}"],"settings":{"color_scheme":"scheme-5","show_line_separator":true,"show_social":false,"auto_rotate":true,"change_slides_speed":4,"enable_country_selector":false,"enable_language_selector":false}},"header":{"type":"header","custom_css":[".cart-count-bubble {background-color: #ff4f33 !important; color: white;}"],"settings":{"logo_position":"middle-left","menu":"main-menu","menu_type_desktop":"dropdown","sticky_header_type":"on-scroll-up","show_line_separator":true,"color_scheme":"scheme-4","menu_color_scheme":"scheme-1","enable_country_selector":true,"enable_language_selector":true,"enable_customer_avatar":true,"mobile_logo_position":"center","margin_bottom":0,"padding_top":20,"padding_bottom":20}}},"order":["announcement-bar","header"]}