{"name":"t:sections.footer.name","type":"footer","sections":{"footer_menu_HPakwH":{"type":"footer-menu","blocks":{"collapsible_row_WRyjwD":{"type":"collapsible_row","settings":{"heading":"MENÜ","icon":"none","row_content":"<p><a href=\"\/\" title=\"\/\"><strong>ANA SAYFA<\/strong><\/a><\/p><p><a href=\"\/apps\/parcelpanel\" title=\"\/apps\/parcelpanel\"><strong>KARGOM NEREDE?<\/strong><\/a><\/p><p><a href=\"\/pages\/contact\" title=\"İletişim\"><strong>İLETİŞİM<\/strong><\/a><\/p>","page":""}},"collapsible_row_JB9TMr":{"type":"collapsible_row","settings":{"heading":"POLİTİKALAR","icon":"none","row_content":"<p><a href=\"\/policies\/privacy-policy\" title=\"Privacy Policy\"><strong>Gizlilik Politikası<\/strong><\/a><\/p><p><a href=\"\/policies\/refund-policy\" title=\"Refund Policy\"><strong>İade Politikası<\/strong><\/a><\/p><p><a href=\"\/policies\/shipping-policy\" title=\"Shipping Policy\"><strong>Taşıma Sözleşmesi<\/strong><\/a><\/p><p><a href=\"\/policies\/terms-of-service\" title=\"Terms of Service\"><strong>Hizmet Koşulları<\/strong><\/a><\/p>","page":""}}},"block_order":["collapsible_row_WRyjwD","collapsible_row_JB9TMr"],"settings":{"caption":"","heading":"","heading_size":"h1","heading_alignment":"center","layout":"none","color_scheme":"scheme-1","container_color_scheme":"scheme-1","open_first_collapsible_row":false,"image_ratio":"adapt","desktop_layout":"image_second","padding_top":0,"padding_bottom":0}},"footer":{"type":"footer","blocks":{"image_URwhRH":{"type":"image","disabled":true,"settings":{"image_width":335,"alignment":"center"}},"text_rWLWpE":{"type":"text","settings":{"heading":"","subtext":"<h6><strong>[Mağaza İletişim No]<\/strong><\/h6><h6><strong>[Mağaza İletişim E-Posta]<\/strong><\/h6>"}}},"block_order":["image_URwhRH","text_rWLWpE"],"custom_css":["h2 {text-align: left;}",".footer-block.grid__item {padding-right: 1.5rem; padding-left: 1.5rem;}"],"settings":{"color_scheme":"scheme-1","newsletter_enable":false,"newsletter_heading":"Subscribe to our emails","enable_follow_on_shop":true,"show_social":true,"enable_country_selector":true,"enable_language_selector":true,"payment_enable":true,"show_policy":false,"margin_top":0,"padding_top":16,"padding_bottom":0}}},"order":["footer_menu_HPakwH","footer"]}