{"name":"t:sections.footer.name","type":"footer","sections":{"footer":{"type":"footer","blocks":{"link_list_mcy8y4":{"type":"link_list","settings":{"heading":"Menü","menu":"main-menu"}},"text_xar97y":{"type":"text","settings":{"heading":"İletişim","subtext":"<p>Ümraniye \/ İstanbul<\/p><p>+905551234567<\/p>"}},"image_pgqRPb":{"type":"image","settings":{"image_width":100,"alignment":"center"}}},"block_order":["link_list_mcy8y4","text_xar97y","image_pgqRPb"],"settings":{"color_scheme":"scheme-1","newsletter_enable":false,"newsletter_heading":"<strong>HEDİYELER İÇİN E-POSTA BÜLTENİMİZE ABONE OLUN<\/strong>","enable_follow_on_shop":true,"show_social":true,"enable_country_selector":true,"enable_language_selector":true,"payment_enable":true,"show_policy":true,"margin_top":0,"padding_top":8,"padding_bottom":36}}},"order":["footer"]}