{"name":"t:sections.header.name","type":"header","sections":{"announcement-bar":{"type":"announcement-bar","blocks":{"announcement-bar-0":{"type":"announcement","settings":{"text":"Umutify Alternatif 2","link":""}}},"block_order":["announcement-bar-0"],"settings":{"color_scheme":"scheme-1","show_line_separator":true,"show_social":false,"auto_rotate":false,"change_slides_speed":5,"enable_country_selector":false,"enable_language_selector":false}},"header":{"type":"header","settings":{"logo_position":"middle-left","menu":"main-menu","menu_type_desktop":"dropdown","sticky_header_type":"on-scroll-up","show_line_separator":true,"color_scheme":"scheme-1","menu_color_scheme":"scheme-1","enable_country_selector":true,"enable_language_selector":true,"enable_customer_avatar":true,"mobile_logo_position":"center","margin_bottom":0,"padding_top":20,"padding_bottom":20}},"horizontal_ticker_t7fbiU":{"type":"horizontal-ticker","blocks":{"text_kifVLy":{"type":"text","settings":{"title":"🎉 Yeni Müşterilerimize Özel: HOŞGELDİN10 kodu ile %10 İNDİRİM fırsatını kaçırmayın! 🛒✨"}},"text_AKj3kj":{"type":"text","settings":{"title":"Bugün alışveriş yaparak evinizi güzelleştirmeye başlayın! 🖼️"}}},"block_order":["text_kifVLy","text_AKj3kj"],"settings":{"speed":1,"text_spacing":3,"text_size":"1.75","italic_text":false,"uppercase_text":true,"bold_text":true,"color_scheme":"scheme-4","padding_top":8,"padding_bottom":8}}},"order":["announcement-bar","header","horizontal_ticker_t7fbiU"]}