{"sections":{"image_banner":{"type":"image-banner","blocks":{"heading_CYrATD":{"type":"heading","settings":{"heading":"MAĞAZA ADI'NA HOŞ GELDİNİZ","heading_size":"h1"}},"buttons_Kadrm9":{"type":"buttons","settings":{"button_label_1":"Keşfetmeye Başla","button_link_1":"shopify:\/\/collections\/all","button_style_secondary_1":false,"button_label_2":"","button_link_2":"","button_style_secondary_2":false}}},"block_order":["heading_CYrATD","buttons_Kadrm9"],"custom_css":[".banner--content-align-mobile-left .banner__box {text-align: center; margin-top: 15em;}"],"settings":{"image_overlay_opacity":40,"image_height":"large","desktop_content_position":"bottom-center","show_text_box":false,"desktop_content_alignment":"center","color_scheme":"scheme-3","image_behavior":"none","mobile_content_alignment":"left","stack_images_on_mobile":false,"show_text_below":false}},"collection_list_N8XxBz":{"type":"collection-list","blocks":{"featured_collection_qaDfjF":{"type":"featured_collection","settings":{"collection":"bebek-kiyafetleri-6-12-ay"}},"featured_collection_E9q78T":{"type":"featured_collection","settings":{"collection":"bebek-kiyafetleri-6-12-ay"}},"featured_collection_4ybfNP":{"type":"featured_collection","settings":{"collection":"bebek-kiyafetleri-6-12-ay"}}},"block_order":["featured_collection_qaDfjF","featured_collection_E9q78T","featured_collection_4ybfNP"],"custom_css":["h2 {text-align: center !important;}","h2 {font-size: 1.1em; text-align: center; font-weight: 1000;}","span.price-item.price-item--sale.price-item--last {color: red; font-weight: bold; font-size: 14px; margin-right: 10px;}",".price__sale {display: flex !important; flex-direction: row-reverse !important; align-items: center;}",".badge.badge--bottom-left.color-scheme-4 {border-radius: 0 !important;}",".title-wrapper-with-link {display: flex; justify-content: center; gap: 1rem; margin-bottom: 3rem; flex-wrap: wrap;}"],"settings":{"title":"Koleksiyonlar","heading_size":"h2","image_ratio":"portrait","columns_desktop":4,"color_scheme":"","show_view_all":false,"columns_mobile":"2","swipe_on_mobile":false,"padding_top":12,"padding_bottom":12}},"featured_collection_GiJzeE":{"type":"featured-collection","custom_css":["h2 {text-align: center;}","h2 {font-size: 1.1em; text-align: center; font-weight: 1000;}","span.price-item.price-item--sale.price-item--last {color: Green; font-weight: bold; font-size: 12px; margin-right: 10px;}"],"settings":{"title":"<strong>EN ÇOK SATILANLARA GÖZ ATIN<\/strong>","heading_size":"h2","description":"","show_description":false,"description_style":"body","collection":"bebek-kiyafetleri-6-12-ay","products_to_show":10,"columns_desktop":4,"full_width":false,"show_view_all":true,"view_all_style":"link","enable_desktop_slider":true,"color_scheme":"","image_ratio":"portrait","image_shape":"default","show_secondary_image":false,"show_vendor":false,"show_rating":false,"quick_add":"none","columns_mobile":"2","swipe_on_mobile":false,"padding_top":12,"padding_bottom":0}}},"order":["image_banner","collection_list_N8XxBz","featured_collection_GiJzeE"]}